A0AV96,GO:0000381
A0AV96,GO:0002244
A0AV96,GO:0003723
A0AV96,GO:0003729
A0AV96,GO:0003730
A0AV96,GO:0005634
A0AV96,GO:0005737
A0AV96,GO:0006397
A0AV96,GO:0008380
A0AV96,GO:0016554
A0AV96,GO:0019899
A0AV96,GO:0030895
A0AV96,GO:0032733
A0AV96,GO:0060340
A0AV96,GO:0070935
A0AV96,GO:0140767
A6NDE4,GO:0003723
A6NDE4,GO:0005634
A6NDE4,GO:0005654
A6NDE4,GO:0005681
A6NDE4,GO:0005730
A6NDE4,GO:0006397
A6NDE4,GO:0007283
A6NDE4,GO:0008380
A6NDE4,GO:0008584
A6NDE4,GO:0048026
O00339,GO:0001764
O00339,GO:0005201
O00339,GO:0005509
O00339,GO:0005576
O00339,GO:0005604
O00339,GO:0007411
O00339,GO:0008347
O00339,GO:0030198
O00339,GO:0031012
O00339,GO:0031104
O00339,GO:0048678
O00339,GO:0062023
O00339,GO:0120216
O00507,GO:0004843
O00507,GO:0005634
O00507,GO:0005737
O00507,GO:0005829
O00507,GO:0006508
O00507,GO:0007179
O00507,GO:0007283
O00507,GO:0008234
O00507,GO:0016477
O00507,GO:0016579
O00507,GO:0030509
O00507,GO:0046872
O00507,GO:0070410
O14578,GO:0000278
O14578,GO:0000281
O14578,GO:0001223
O14578,GO:0004674
O14578,GO:0005524
O14578,GO:0005829
O14578,GO:0016020
O14578,GO:0017124
O14578,GO:0019901
O14578,GO:0030165
O14578,GO:0030291
O14578,GO:0032467
O14578,GO:0035331
O14578,GO:0046872
O14578,GO:0048699
O14578,GO:0051402
O14578,GO:0097110
O14578,GO:0106310
O14654,GO:0005158
O14654,GO:0005829
O14654,GO:0005886
O14654,GO:0007165
O14654,GO:0008286
O14654,GO:0043548
O14733,GO:0000287
O14733,GO:0004707
O14733,GO:0004708
O14733,GO:0004713
O14733,GO:0005524
O14733,GO:0005634
O14733,GO:0005737
O14733,GO:0005829
O14733,GO:0006915
O14733,GO:0006970
O14733,GO:0007165
O14733,GO:0007254
O14733,GO:0008545
O14733,GO:0009408
O14733,GO:0009411
O14733,GO:0009611
O14733,GO:0019899
O14733,GO:0019901
O14733,GO:0019903
O14733,GO:0032212
O14733,GO:0034612
O14733,GO:0038095
O14733,GO:0043507
O14733,GO:0045893
O14733,GO:0046330
O14733,GO:0051403
O14733,GO:0051973
O14733,GO:0070374
O14733,GO:0071222
O14733,GO:0071347
O14733,GO:0090398
O14733,GO:0106310
O14733,GO:0140677
O14733,GO:1904355
O14733,GO:2000671
O14979,GO:0000785
O14979,GO:0003677
O14979,GO:0003690
O14979,GO:0003697
O14979,GO:0003723
O14979,GO:0005634
O14979,GO:0005654
O14979,GO:0005681
O14979,GO:0005829
O14979,GO:0006396
O14979,GO:0008143
O14979,GO:0010468
O14979,GO:0034046
O15020,GO:0003779
O15020,GO:0005200
O15020,GO:0005543
O15020,GO:0005615
O15020,GO:0005829
O15020,GO:0005886
O15020,GO:0007416
O15020,GO:0008091
O15020,GO:0016192
O15020,GO:0016324
O15020,GO:0021692
O15020,GO:0030036
O15020,GO:0030054
O15020,GO:0030534
O15020,GO:0030864
O15020,GO:0033010
O15020,GO:0035264
O15020,GO:0042995
O15020,GO:0043025
O15020,GO:0043231
O15020,GO:0045296
O15020,GO:0051015
O15020,GO:0051693
O15020,GO:0098688
O15020,GO:0098793
O15020,GO:0098918
O15020,GO:0098978
O15020,GO:0099150
O15020,GO:0099186
O15020,GO:0099189
O15021,GO:0000287
O15021,GO:0004674
O15021,GO:0005524
O15021,GO:0005737
O15021,GO:0007010
O15021,GO:0035556
O15021,GO:0106310
O15198,GO:0000785
O15198,GO:0000978
O15198,GO:0000981
O15198,GO:0003700
O15198,GO:0005634
O15198,GO:0005654
O15198,GO:0005737
O15198,GO:0005829
O15198,GO:0006357
O15198,GO:0007179
O15198,GO:0009653
O15198,GO:0030154
O15198,GO:0030509
O15198,GO:0045944
O15198,GO:0046872
O15198,GO:0060395
O15198,GO:0070411
O15198,GO:0071141
O15198,GO:0071144
O15198,GO:0071773
O43187,GO:0001959
O43187,GO:0002755
O43187,GO:0004672
O43187,GO:0005524
O43187,GO:0005634
O43187,GO:0005737
O43187,GO:0005829
O43187,GO:0005886
O43187,GO:0006468
O43187,GO:0006954
O43187,GO:0007249
O43187,GO:0008063
O43187,GO:0010008
O43187,GO:0031663
O43187,GO:0032088
O43187,GO:0034142
O43187,GO:0035556
O43187,GO:0035591
O43187,GO:0042803
O43187,GO:0046982
O43187,GO:0051092
O43187,GO:0060090
O43187,GO:0070498
O43187,GO:0070555
O43187,GO:0071222
O43390,GO:0000398
O43390,GO:0003723
O43390,GO:0003729
O43390,GO:0005634
O43390,GO:0005654
O43390,GO:0005681
O43390,GO:0005783
O43390,GO:0006397
O43390,GO:0071013
O43390,GO:1990904
O43521,GO:0001701
O43521,GO:0001782
O43521,GO:0001822
O43521,GO:0002262
O43521,GO:0005739
O43521,GO:0005741
O43521,GO:0005829
O43521,GO:0006915
O43521,GO:0006919
O43521,GO:0007127
O43521,GO:0007160
O43521,GO:0007283
O43521,GO:0008017
O43521,GO:0008584
O43521,GO:0008630
O43521,GO:0009791
O43521,GO:0012505
O43521,GO:0019901
O43521,GO:0030879
O43521,GO:0031334
O43521,GO:0034976
O43521,GO:0035148
O43521,GO:0042475
O43521,GO:0042981
O43521,GO:0043029
O43521,GO:0043065
O43521,GO:0043525
O43521,GO:0043583
O43521,GO:0045787
O43521,GO:0046620
O43521,GO:0048066
O43521,GO:0048070
O43521,GO:0048536
O43521,GO:0048538
O43521,GO:0070234
O43521,GO:0070242
O43521,GO:0071385
O43521,GO:0090200
O43521,GO:0097136
O43521,GO:0097140
O43521,GO:0097141
O43521,GO:0097192
O43521,GO:1902110
O43521,GO:1902237
O43521,GO:1902263
O43521,GO:1903896
O43521,GO:2000271
O43521,GO:2001244
O43639,GO:0000122
O43639,GO:0001771
O43639,GO:0001784
O43639,GO:0005737
O43639,GO:0005783
O43639,GO:0005829
O43639,GO:0007015
O43639,GO:0007165
O43639,GO:0007172
O43639,GO:0007173
O43639,GO:0008093
O43639,GO:0008285
O43639,GO:0012506
O43639,GO:0014069
O43639,GO:0016477
O43639,GO:0030032
O43639,GO:0030159
O43639,GO:0030838
O43639,GO:0030971
O43639,GO:0035591
O43639,GO:0036493
O43639,GO:0042102
O43639,GO:0042110
O43639,GO:0044877
O43639,GO:0045944
O43639,GO:0048013
O43639,GO:0060996
O43639,GO:0097110
O43639,GO:1902237
O43639,GO:1902310
O43639,GO:1903898
O43639,GO:1903912
O43815,GO:0005516
O43815,GO:0005829
O43815,GO:0005923
O43815,GO:0007626
O43815,GO:0008285
O43815,GO:0014069
O43815,GO:0016020
O43815,GO:0016055
O43815,GO:0016358
O43815,GO:0030331
O43815,GO:0030425
O43815,GO:0043025
O43815,GO:0043197
O43815,GO:0044877
O43815,GO:0045211
O43815,GO:0051721
O43815,GO:0070016
O43815,GO:0070830
O43815,GO:0090443
O60307,GO:0000287
O60307,GO:0004674
O60307,GO:0005524
O60307,GO:0005737
O60307,GO:0007010
O60307,GO:0035556
O60307,GO:0106310
O60506,GO:0000398
O60506,GO:0001649
O60506,GO:0003723
O60506,GO:0005634
O60506,GO:0005654
O60506,GO:0005783
O60506,GO:0005829
O60506,GO:0006396
O60506,GO:0008380
O60506,GO:0016020
O60506,GO:0016556
O60506,GO:0017148
O60506,GO:0045293
O60506,GO:0048027
O60506,GO:0070934
O60506,GO:0070937
O60506,GO:0071013
O60506,GO:0071204
O60506,GO:0071346
O60506,GO:0097452
O60506,GO:0106002
O60506,GO:1900152
O60506,GO:1901537
O60506,GO:1990904
O60506,GO:2000623
O60506,GO:2000767
O60812,GO:0003723
O60812,GO:0005634
O60812,GO:0042802
O60812,GO:1990904
O60814,GO:0000786
O60814,GO:0002227
O60814,GO:0003677
O60814,GO:0005615
O60814,GO:0005634
O60814,GO:0005654
O60814,GO:0005829
O60814,GO:0019731
O60814,GO:0030527
O60814,GO:0031640
O60814,GO:0046982
O60814,GO:0050829
O60814,GO:0050830
O60814,GO:0061844
O75665,GO:0005576
O75665,GO:0005634
O75665,GO:0005813
O75665,GO:0005814
O75665,GO:0005829
O75665,GO:0005929
O75665,GO:0010172
O75665,GO:0015630
O75665,GO:0016020
O75665,GO:0031514
O75665,GO:0034451
O75665,GO:0035082
O75665,GO:0036064
O75665,GO:0042802
O75665,GO:0043014
O75665,GO:0043015
O75665,GO:0060090
O75665,GO:0060271
O75665,GO:0060287
O75665,GO:2000314
O94763,GO:0000122
O94763,GO:0000993
O94763,GO:0001558
O94763,GO:0003682
O94763,GO:0003714
O94763,GO:0004864
O94763,GO:0005634
O94763,GO:0005654
O94763,GO:0005737
O94763,GO:0005739
O94763,GO:0005829
O94763,GO:0006357
O94763,GO:0009615
O94763,GO:0010923
O94763,GO:0019212
O94763,GO:0030425
O94763,GO:0050821
O94763,GO:0051219
O94763,GO:0071363
O94763,GO:0071383
O94763,GO:0101031
O94763,GO:1990062
O94763,GO:2001243
O94804,GO:0004674
O94804,GO:0005524
O94804,GO:0005737
O94804,GO:0005829
O94804,GO:0005886
O94804,GO:0006468
O94804,GO:0035579
O94804,GO:0042802
O94804,GO:0042803
O94804,GO:0046777
O94804,GO:0070062
O94804,GO:0071593
O94804,GO:0106310
O94804,GO:2000401
O94898,GO:0005102
O94898,GO:0005615
O94898,GO:0005737
O94898,GO:0005886
O94898,GO:0006509
O94898,GO:0007605
O94898,GO:0010640
O94898,GO:0030426
O94898,GO:0031012
O94898,GO:0034394
O94898,GO:0048681
O94898,GO:0051045
O94898,GO:0060384
O94898,GO:0097708
O94898,GO:2000010
O94898,GO:2001222
O95400,GO:0000244
O95400,GO:0001650
O95400,GO:0005634
O95400,GO:0005654
O95400,GO:0005682
O95400,GO:0005737
O95400,GO:0005829
O95400,GO:0016607
O95400,GO:0043021
O95678,GO:0001533
O95678,GO:0002244
O95678,GO:0005198
O95678,GO:0005829
O95678,GO:0005882
O95678,GO:0030280
O95678,GO:0031424
O95678,GO:0045095
O95678,GO:0045109
O95678,GO:0070062
O95715,GO:0005615
O95715,GO:0005794
O95715,GO:0006935
O95715,GO:0007165
O95715,GO:0007267
O95715,GO:0008009
O95715,GO:0061844
O95793,GO:0000512
O95793,GO:0003723
O95793,GO:0003725
O95793,GO:0003729
O95793,GO:0005737
O95793,GO:0005783
O95793,GO:0005791
O95793,GO:0005829
O95793,GO:0005875
O95793,GO:0005886
O95793,GO:0007281
O95793,GO:0008157
O95793,GO:0008298
O95793,GO:0010494
O95793,GO:0016020
O95793,GO:0030425
O95793,GO:0032839
O95793,GO:0034599
O95793,GO:0035418
O95793,GO:0036464
O95793,GO:0043005
O95793,GO:0043025
O95793,GO:0044297
O95793,GO:0045070
O95793,GO:0046726
O95793,GO:0070062
O95793,GO:0098964
O95793,GO:0098978
O95793,GO:0099010
O95793,GO:1900273
O95793,GO:1990124
O95983,GO:0000122
O95983,GO:0000785
O95983,GO:0000792
O95983,GO:0001701
O95983,GO:0003229
O95983,GO:0003677
O95983,GO:0005634
O95983,GO:0005654
O95983,GO:0005737
O95983,GO:0006338
O95983,GO:0006346
O95983,GO:0008327
O95983,GO:0016581
O95983,GO:0031667
O95983,GO:0032355
O95983,GO:0032991
O95983,GO:0042659
O95983,GO:0045892
O95983,GO:0045893
O95983,GO:0048568
O95983,GO:2000736
O95985,GO:0000793
O95985,GO:0003677
O95985,GO:0003723
O95985,GO:0003916
O95985,GO:0003917
O95985,GO:0005634
O95985,GO:0006265
O95985,GO:0006281
O95985,GO:0006310
O95985,GO:0007059
O95985,GO:0140225
P01374,GO:0001666
P01374,GO:0002876
P01374,GO:0002925
P01374,GO:0005102
P01374,GO:0005125
P01374,GO:0005164
P01374,GO:0005615
P01374,GO:0005886
P01374,GO:0006915
P01374,GO:0006959
P01374,GO:0007165
P01374,GO:0007267
P01374,GO:0007584
P01374,GO:0009410
P01374,GO:0032496
P01374,GO:0032729
P01374,GO:0043065
P01374,GO:0048147
P01374,GO:0048535
P01374,GO:0050830
P01374,GO:0060252
P01375,GO:0000122
P01375,GO:0000976
P01375,GO:0001666
P01375,GO:0001774
P01375,GO:0001819
P01375,GO:0001891
P01375,GO:0001934
P01375,GO:0001937
P01375,GO:0002020
P01375,GO:0002037
P01375,GO:0002281
P01375,GO:0002439
P01375,GO:0002523
P01375,GO:0002637
P01375,GO:0002719
P01375,GO:0002876
P01375,GO:0002925
P01375,GO:0003009
P01375,GO:0003085
P01375,GO:0005125
P01375,GO:0005164
P01375,GO:0005576
P01375,GO:0005615
P01375,GO:0005886
P01375,GO:0006006
P01375,GO:0006919
P01375,GO:0006954
P01375,GO:0006959
P01375,GO:0007254
P01375,GO:0007623
P01375,GO:0008625
P01375,GO:0008630
P01375,GO:0009410
P01375,GO:0009615
P01375,GO:0009651
P01375,GO:0009750
P01375,GO:0009897
P01375,GO:0009986
P01375,GO:0010459
P01375,GO:0010573
P01375,GO:0010628
P01375,GO:0010629
P01375,GO:0010888
P01375,GO:0014823
P01375,GO:0019222
P01375,GO:0019722
P01375,GO:0030198
P01375,GO:0030316
P01375,GO:0030730
P01375,GO:0030866
P01375,GO:0031334
P01375,GO:0031622
P01375,GO:0031642
P01375,GO:0031667
P01375,GO:0032715
P01375,GO:0032722
P01375,GO:0032724
P01375,GO:0032729
P01375,GO:0032731
P01375,GO:0032741
P01375,GO:0032755
P01375,GO:0032757
P01375,GO:0033138
P01375,GO:0033209
P01375,GO:0034116
P01375,GO:0034138
P01375,GO:0035509
P01375,GO:0035900
P01375,GO:0036005
P01375,GO:0038177
P01375,GO:0042311
P01375,GO:0042531
P01375,GO:0042802
P01375,GO:0043025
P01375,GO:0043065
P01375,GO:0043068
P01375,GO:0043122
P01375,GO:0043123
P01375,GO:0043154
P01375,GO:0043242
P01375,GO:0043243
P01375,GO:0043280
P01375,GO:0043406
P01375,GO:0043410
P01375,GO:0043491
P01375,GO:0043507
P01375,GO:0043525
P01375,GO:0043537
P01375,GO:0045071
P01375,GO:0045121
P01375,GO:0045429
P01375,GO:0045471
P01375,GO:0045598
P01375,GO:0045599
P01375,GO:0045662
P01375,GO:0045668
P01375,GO:0045672
P01375,GO:0045732
P01375,GO:0045760
P01375,GO:0045785
P01375,GO:0045840
P01375,GO:0045892
P01375,GO:0045893
P01375,GO:0045930
P01375,GO:0045944
P01375,GO:0045994
P01375,GO:0046325
P01375,GO:0046330
P01375,GO:0046427
P01375,GO:0048143
P01375,GO:0048566
P01375,GO:0048661
P01375,GO:0050729
P01375,GO:0050768
P01375,GO:0050796
P01375,GO:0050806
P01375,GO:0050807
P01375,GO:0050830
P01375,GO:0050890
P01375,GO:0050901
P01375,GO:0050966
P01375,GO:0050995
P01375,GO:0051044
P01375,GO:0051091
P01375,GO:0051092
P01375,GO:0051222
P01375,GO:0051384
P01375,GO:0051798
P01375,GO:0051897
P01375,GO:0051966
P01375,GO:0055037
P01375,GO:0060252
P01375,GO:0060557
P01375,GO:0060559
P01375,GO:0060664
P01375,GO:0060693
P01375,GO:0061044
P01375,GO:0061048
P01375,GO:0070374
P01375,GO:0070886
P01375,GO:0071222
P01375,GO:0071230
P01375,GO:0071300
P01375,GO:0071316
P01375,GO:0071346
P01375,GO:0071479
P01375,GO:0071677
P01375,GO:0071803
P01375,GO:0072577
P01375,GO:0072659
P01375,GO:0090324
P01375,GO:0090594
P01375,GO:0097191
P01375,GO:0097237
P01375,GO:0097421
P01375,GO:0097527
P01375,GO:0120190
P01375,GO:0140374
P01375,GO:0140460
P01375,GO:0150078
P01375,GO:0150129
P01375,GO:1900017
P01375,GO:1900222
P01375,GO:1901224
P01375,GO:1901647
P01375,GO:1902004
P01375,GO:1902065
P01375,GO:1902565
P01375,GO:1902894
P01375,GO:1902895
P01375,GO:1903078
P01375,GO:1903140
P01375,GO:1903347
P01375,GO:1903721
P01375,GO:1904646
P01375,GO:1904707
P01375,GO:1904996
P01375,GO:1904999
P01375,GO:1905038
P01375,GO:1905242
P01375,GO:1990268
P01375,GO:2000010
P01375,GO:2000272
P01375,GO:2000334
P01375,GO:2000343
P01375,GO:2000347
P01375,GO:2000351
P01375,GO:2000377
P01375,GO:2000573
P01375,GO:2001234
P01375,GO:2001238
P01375,GO:2001240
P01579,GO:0000122
P01579,GO:0001774
P01579,GO:0001819
P01579,GO:0002250
P01579,GO:0002281
P01579,GO:0005125
P01579,GO:0005133
P01579,GO:0005576
P01579,GO:0005615
P01579,GO:0006915
P01579,GO:0006959
P01579,GO:0007166
P01579,GO:0007259
P01579,GO:0008284
P01579,GO:0009615
P01579,GO:0010508
P01579,GO:0010628
P01579,GO:0010629
P01579,GO:0010634
P01579,GO:0019222
P01579,GO:0030225
P01579,GO:0030857
P01579,GO:0031334
P01579,GO:0032700
P01579,GO:0032722
P01579,GO:0032731
P01579,GO:0032735
P01579,GO:0032747
P01579,GO:0032755
P01579,GO:0032760
P01579,GO:0032834
P01579,GO:0033141
P01579,GO:0034393
P01579,GO:0038196
P01579,GO:0042307
P01579,GO:0042531
P01579,GO:0045348
P01579,GO:0045429
P01579,GO:0045672
P01579,GO:0045821
P01579,GO:0045892
P01579,GO:0048143
P01579,GO:0048662
P01579,GO:0050729
P01579,GO:0050766
P01579,GO:0050769
P01579,GO:0050796
P01579,GO:0051044
P01579,GO:0051607
P01579,GO:0051712
P01579,GO:0051770
P01579,GO:0060333
P01579,GO:0060550
P01579,GO:0060552
P01579,GO:0060557
P01579,GO:0060559
P01579,GO:0071902
P01579,GO:0090312
P01579,GO:0097191
P01579,GO:0098586
P01579,GO:0150076
P01579,GO:1900222
P01579,GO:1901857
P01579,GO:1902004
P01579,GO:1902948
P01579,GO:1903078
P01579,GO:1903543
P01579,GO:1904440
P01579,GO:1904783
P01579,GO:1904798
P01579,GO:2000273
P01579,GO:2000309
P02538,GO:0002009
P02538,GO:0005200
P02538,GO:0005634
P02538,GO:0005829
P02538,GO:0008284
P02538,GO:0016020
P02538,GO:0030154
P02538,GO:0030280
P02538,GO:0031424
P02538,GO:0031640
P02538,GO:0042060
P02538,GO:0045095
P02538,GO:0045109
P02538,GO:0050830
P02538,GO:0061844
P02538,GO:0070062
P02538,GO:2000536
P04183,GO:0004797
P04183,GO:0005524
P04183,GO:0005634
P04183,GO:0005829
P04183,GO:0006139
P04183,GO:0008270
P04183,GO:0042802
P04183,GO:0046104
P04183,GO:0046105
P04183,GO:0051289
P04183,GO:1904860
P04259,GO:0005200
P04259,GO:0005829
P04259,GO:0007398
P04259,GO:0030280
P04259,GO:0031424
P04259,GO:0045095
P04259,GO:0045109
P04259,GO:0070062
P04264,GO:0001533
P04264,GO:0001867
P04264,GO:0005576
P04264,GO:0005615
P04264,GO:0005634
P04264,GO:0005737
P04264,GO:0005829
P04264,GO:0005856
P04264,GO:0006979
P04264,GO:0016020
P04264,GO:0018149
P04264,GO:0030246
P04264,GO:0030280
P04264,GO:0031424
P04264,GO:0038023
P04264,GO:0042730
P04264,GO:0045095
P04264,GO:0045109
P04264,GO:0045765
P04264,GO:0046982
P04264,GO:0050728
P04264,GO:0051290
P04264,GO:0061436
P04264,GO:0062023
P04264,GO:0070062
P04264,GO:0072562
P04264,GO:1904813
P04637,GO:0000122
P04637,GO:0000423
P04637,GO:0000785
P04637,GO:0000976
P04637,GO:0000978
P04637,GO:0000981
P04637,GO:0000987
P04637,GO:0001046
P04637,GO:0001094
P04637,GO:0001227
P04637,GO:0001228
P04637,GO:0001701
P04637,GO:0001756
P04637,GO:0001836
P04637,GO:0002020
P04637,GO:0002039
P04637,GO:0002244
P04637,GO:0002309
P04637,GO:0002326
P04637,GO:0002360
P04637,GO:0002931
P04637,GO:0003677
P04637,GO:0003682
P04637,GO:0003700
P04637,GO:0003730
P04637,GO:0005507
P04637,GO:0005634
P04637,GO:0005654
P04637,GO:0005657
P04637,GO:0005667
P04637,GO:0005730
P04637,GO:0005737
P04637,GO:0005739
P04637,GO:0005759
P04637,GO:0005783
P04637,GO:0005813
P04637,GO:0005829
P04637,GO:0006289
P04637,GO:0006302
P04637,GO:0006355
P04637,GO:0006357
P04637,GO:0006606
P04637,GO:0006914
P04637,GO:0006974
P04637,GO:0006977
P04637,GO:0006978
P04637,GO:0006983
P04637,GO:0007179
P04637,GO:0007265
P04637,GO:0007369
P04637,GO:0007405
P04637,GO:0007406
P04637,GO:0008104
P04637,GO:0008156
P04637,GO:0008270
P04637,GO:0008285
P04637,GO:0008340
P04637,GO:0009299
P04637,GO:0009303
P04637,GO:0009651
P04637,GO:0010035
P04637,GO:0010165
P04637,GO:0010332
P04637,GO:0010628
P04637,GO:0010659
P04637,GO:0010666
P04637,GO:0014009
P04637,GO:0016032
P04637,GO:0016363
P04637,GO:0016605
P04637,GO:0017053
P04637,GO:0019661
P04637,GO:0019899
P04637,GO:0021549
P04637,GO:0030308
P04637,GO:0030330
P04637,GO:0030512
P04637,GO:0030971
P04637,GO:0031571
P04637,GO:0031625
P04637,GO:0032211
P04637,GO:0032991
P04637,GO:0033077
P04637,GO:0033209
P04637,GO:0034103
P04637,GO:0034644
P04637,GO:0035033
P04637,GO:0035264
P04637,GO:0035794
P04637,GO:0035861
P04637,GO:0036310
P04637,GO:0042149
P04637,GO:0042771
P04637,GO:0042802
P04637,GO:0042826
P04637,GO:0042981
P04637,GO:0043065
P04637,GO:0043066
P04637,GO:0043073
P04637,GO:0043153
P04637,GO:0043504
P04637,GO:0043516
P04637,GO:0043525
P04637,GO:0045815
P04637,GO:0045861
P04637,GO:0045892
P04637,GO:0045893
P04637,GO:0045899
P04637,GO:0045944
P04637,GO:0046677
P04637,GO:0046982
P04637,GO:0048144
P04637,GO:0048147
P04637,GO:0048512
P04637,GO:0048539
P04637,GO:0048568
P04637,GO:0050731
P04637,GO:0050821
P04637,GO:0051087
P04637,GO:0051097
P04637,GO:0051262
P04637,GO:0051276
P04637,GO:0051402
P04637,GO:0051721
P04637,GO:0051726
P04637,GO:0060218
P04637,GO:0060253
P04637,GO:0060333
P04637,GO:0060411
P04637,GO:0061629
P04637,GO:0062100
P04637,GO:0065003
P04637,GO:0070059
P04637,GO:0070242
P04637,GO:0070245
P04637,GO:0070266
P04637,GO:0071456
P04637,GO:0071466
P04637,GO:0071479
P04637,GO:0071480
P04637,GO:0071494
P04637,GO:0071889
P04637,GO:0072089
P04637,GO:0072331
P04637,GO:0072332
P04637,GO:0072593
P04637,GO:0072717
P04637,GO:0090200
P04637,GO:0090398
P04637,GO:0090399
P04637,GO:0090403
P04637,GO:0097193
P04637,GO:0097252
P04637,GO:0097371
P04637,GO:0097718
P04637,GO:0140296
P04637,GO:0140677
P04637,GO:1900119
P04637,GO:1901525
P04637,GO:1902108
P04637,GO:1902253
P04637,GO:1902749
P04637,GO:1902895
P04637,GO:1903451
P04637,GO:1903799
P04637,GO:1904024
P04637,GO:1905856
P04637,GO:1990144
P04637,GO:1990841
P04637,GO:2000269
P04637,GO:2000378
P04637,GO:2000379
P04637,GO:2000647
P04637,GO:2000774
P04637,GO:2001244
P04908,GO:0000786
P04908,GO:0003677
P04908,GO:0005634
P04908,GO:0006325
P04908,GO:0008285
P04908,GO:0030527
P04908,GO:0031492
P04908,GO:0031507
P04908,GO:0043505
P04908,GO:0046982
P04908,GO:0061644
P04908,GO:0070062
P05412,GO:0000122
P05412,GO:0000228
P05412,GO:0000785
P05412,GO:0000791
P05412,GO:0000976
P05412,GO:0000978
P05412,GO:0000981
P05412,GO:0001227
P05412,GO:0001228
P05412,GO:0003677
P05412,GO:0003700
P05412,GO:0003723
P05412,GO:0005096
P05412,GO:0005634
P05412,GO:0005654
P05412,GO:0005667
P05412,GO:0006357
P05412,GO:0007179
P05412,GO:0019046
P05412,GO:0019899
P05412,GO:0031625
P05412,GO:0034614
P05412,GO:0034976
P05412,GO:0035497
P05412,GO:0035976
P05412,GO:0042127
P05412,GO:0042802
P05412,GO:0043065
P05412,GO:0043392
P05412,GO:0043922
P05412,GO:0043923
P05412,GO:0044389
P05412,GO:0045892
P05412,GO:0045893
P05412,GO:0045944
P05412,GO:0051726
P05412,GO:0060395
P05412,GO:0061629
P05412,GO:0070412
P05412,GO:0071276
P05412,GO:0090575
P05412,GO:0140296
P05412,GO:0140467
P05412,GO:1902895
P05412,GO:1904707
P05412,GO:1990837
P05412,GO:2000144
P05787,GO:0005634
P05787,GO:0005654
P05787,GO:0005737
P05787,GO:0005829
P05787,GO:0005882
P05787,GO:0005911
P05787,GO:0016010
P05787,GO:0016327
P05787,GO:0016363
P05787,GO:0030018
P05787,GO:0033209
P05787,GO:0042383
P05787,GO:0043034
P05787,GO:0044877
P05787,GO:0045095
P05787,GO:0045111
P05787,GO:0045214
P05787,GO:0051599
P05787,GO:0051707
P05787,GO:0060706
P05787,GO:0070062
P05787,GO:0097110
P05787,GO:0097191
P05787,GO:0097284
P06733,GO:0000015
P06733,GO:0000122
P06733,GO:0000287
P06733,GO:0000977
P06733,GO:0001222
P06733,GO:0001227
P06733,GO:0003714
P06733,GO:0003723
P06733,GO:0004634
P06733,GO:0005615
P06733,GO:0005634
P06733,GO:0005640
P06733,GO:0005737
P06733,GO:0005829
P06733,GO:0005886
P06733,GO:0005938
P06733,GO:0006094
P06733,GO:0006096
P06733,GO:0009615
P06733,GO:0009986
P06733,GO:0010756
P06733,GO:0016020
P06733,GO:0030308
P06733,GO:0031430
P06733,GO:0042803
P06733,GO:0045296
P06733,GO:0045892
P06733,GO:0045933
P06733,GO:0051020
P06733,GO:0061621
P06733,GO:0070062
P06733,GO:1903298
P06733,GO:2001171
P06753,GO:0001725
P06753,GO:0005829
P06753,GO:0005856
P06753,GO:0005862
P06753,GO:0005884
P06753,GO:0006936
P06753,GO:0007015
P06753,GO:0015629
P06753,GO:0051015
P06753,GO:0070062
P06899,GO:0000786
P06899,GO:0001530
P06899,GO:0002227
P06899,GO:0003677
P06899,GO:0005615
P06899,GO:0005634
P06899,GO:0005654
P06899,GO:0005829
P06899,GO:0006325
P06899,GO:0006334
P06899,GO:0010804
P06899,GO:0019731
P06899,GO:0030527
P06899,GO:0031640
P06899,GO:0043505
P06899,GO:0046982
P06899,GO:0050829
P06899,GO:0050830
P06899,GO:0061644
P06899,GO:0061844
P07910,GO:0000398
P07910,GO:0000785
P07910,GO:0001649
P07910,GO:0003723
P07910,GO:0003730
P07910,GO:0005576
P07910,GO:0005634
P07910,GO:0005654
P07910,GO:0005681
P07910,GO:0005697
P07910,GO:0005829
P07910,GO:0006338
P07910,GO:0008266
P07910,GO:0008380
P07910,GO:0015629
P07910,GO:0016020
P07910,GO:0031492
P07910,GO:0032211
P07910,GO:0032991
P07910,GO:0042802
P07910,GO:0070034
P07910,GO:0070062
P07910,GO:0070935
P07910,GO:0071013
P07910,GO:1990247
P07951,GO:0003779
P07951,GO:0005829
P07951,GO:0005862
P07951,GO:0005884
P07951,GO:0006936
P07951,GO:0007015
P07951,GO:0008307
P07951,GO:0015629
P07951,GO:0042802
P07951,GO:0042803
P07951,GO:0043462
P07951,GO:0046982
P07951,GO:0051015
P08729,GO:0005634
P08729,GO:0005737
P08729,GO:0005829
P08729,GO:0005882
P08729,GO:0030280
P08729,GO:0031424
P08729,GO:0045095
P08729,GO:0045109
P08729,GO:0045111
P08729,GO:0070062
P09493,GO:0001725
P09493,GO:0003065
P09493,GO:0003779
P09493,GO:0005200
P09493,GO:0005829
P09493,GO:0005856
P09493,GO:0005862
P09493,GO:0005884
P09493,GO:0006937
P09493,GO:0007010
P09493,GO:0007015
P09493,GO:0008016
P09493,GO:0008092
P09493,GO:0008307
P09493,GO:0008360
P09493,GO:0015629
P09493,GO:0030017
P09493,GO:0030049
P09493,GO:0030336
P09493,GO:0031529
P09493,GO:0032059
P09493,GO:0032587
P09493,GO:0032781
P09493,GO:0034614
P09493,GO:0042060
P09493,GO:0042802
P09493,GO:0042803
P09493,GO:0045214
P09493,GO:0045785
P09493,GO:0046982
P09493,GO:0051015
P09493,GO:0051496
P09493,GO:0055010
P09493,GO:0060048
P09493,GO:1904706
P09493,GO:1904753
P09651,GO:0000381
P09651,GO:0000398
P09651,GO:0003677
P09651,GO:0003697
P09651,GO:0003723
P09651,GO:0003727
P09651,GO:0003730
P09651,GO:0005634
P09651,GO:0005654
P09651,GO:0005681
P09651,GO:0005737
P09651,GO:0005829
P09651,GO:0006405
P09651,GO:0016020
P09651,GO:0019904
P09651,GO:0032211
P09651,GO:0032212
P09651,GO:0035198
P09651,GO:0036002
P09651,GO:0042149
P09651,GO:0042802
P09651,GO:0043484
P09651,GO:0051028
P09651,GO:0051168
P09651,GO:0051170
P09651,GO:0061752
P09651,GO:0070062
P09651,GO:0071013
P09651,GO:0098505
P09651,GO:1903936
P09651,GO:1990904
P0C0S5,GO:0000786
P0C0S5,GO:0000791
P0C0S5,GO:0000792
P0C0S5,GO:0000978
P0C0S5,GO:0000979
P0C0S5,GO:0005634
P0C0S5,GO:0006325
P0C0S5,GO:0030527
P0C0S5,GO:0031490
P0C0S5,GO:0031492
P0C0S5,GO:0031507
P0C0S5,GO:0045944
P0C0S5,GO:0046982
P0C0S5,GO:0070062
P0C0S5,GO:0071392
P0C0S8,GO:0000786
P0C0S8,GO:0005634
P0C0S8,GO:0019899
P0C0S8,GO:0030527
P0C0S8,GO:0031492
P0C0S8,GO:0031507
P0C0S8,GO:0046982
P0C0S8,GO:0070062
P0DJD3,GO:0000381
P0DJD3,GO:0003723
P0DJD3,GO:0003729
P0DJD3,GO:0005654
P0DJD3,GO:0005681
P0DJD3,GO:0005730
P0DJD3,GO:0006397
P0DJD3,GO:0008380
P0DJD3,GO:0048026
P0DJD4,GO:0003723
P0DJD4,GO:0005634
P0DJD4,GO:0005681
P0DJD4,GO:0006397
P0DJD4,GO:0008380
P0DJD4,GO:0032991
P0DJD4,GO:0042802
P0DJD4,GO:0043484
P0DJD4,GO:0048026
P10147,GO:0000165
P10147,GO:0001649
P10147,GO:0001775
P10147,GO:0002548
P10147,GO:0004672
P10147,GO:0005576
P10147,GO:0005615
P10147,GO:0005737
P10147,GO:0005829
P10147,GO:0006816
P10147,GO:0006874
P10147,GO:0006887
P10147,GO:0006935
P10147,GO:0006954
P10147,GO:0007010
P10147,GO:0007267
P10147,GO:0008009
P10147,GO:0008360
P10147,GO:0009636
P10147,GO:0010628
P10147,GO:0010629
P10147,GO:0010818
P10147,GO:0014808
P10147,GO:0016004
P10147,GO:0016301
P10147,GO:0019722
P10147,GO:0023052
P10147,GO:0030335
P10147,GO:0030502
P10147,GO:0030593
P10147,GO:0031726
P10147,GO:0031730
P10147,GO:0032731
P10147,GO:0032760
P10147,GO:0042056
P10147,GO:0042802
P10147,GO:0043308
P10147,GO:0043525
P10147,GO:0043615
P10147,GO:0043922
P10147,GO:0045671
P10147,GO:0048020
P10147,GO:0048245
P10147,GO:0048246
P10147,GO:0048247
P10147,GO:0050729
P10147,GO:0050795
P10147,GO:0050850
P10147,GO:0051897
P10147,GO:0051928
P10147,GO:0051930
P10147,GO:0061844
P10147,GO:0070098
P10147,GO:0070374
P10147,GO:0070723
P10147,GO:0071346
P10147,GO:0071347
P10147,GO:0071356
P10147,GO:0071621
P10147,GO:0090280
P10147,GO:1903980
P10147,GO:1904141
P10147,GO:2000503
P10412,GO:0000122
P10412,GO:0000786
P10412,GO:0000791
P10412,GO:0000792
P10412,GO:0003690
P10412,GO:0003723
P10412,GO:0005634
P10412,GO:0006334
P10412,GO:0030261
P10412,GO:0030527
P10412,GO:0031490
P10412,GO:0031492
P10412,GO:0042826
P10412,GO:0045910
P11277,GO:0003779
P11277,GO:0005200
P11277,GO:0005829
P11277,GO:0005886
P11277,GO:0008091
P11277,GO:0009898
P11277,GO:0009986
P11277,GO:0014731
P11277,GO:0015629
P11277,GO:0030036
P11277,GO:0030054
P11277,GO:0030506
P11277,GO:0030864
P11277,GO:0032991
P11277,GO:0042995
P11277,GO:0051015
P11277,GO:0051693
P11277,GO:0098794
P11277,GO:0098885
P11277,GO:0098978
P11532,GO:0002027
P11532,GO:0002162
P11532,GO:0003779
P11532,GO:0005200
P11532,GO:0005634
P11532,GO:0005829
P11532,GO:0005856
P11532,GO:0005886
P11532,GO:0007517
P11532,GO:0007519
P11532,GO:0008104
P11532,GO:0008270
P11532,GO:0008307
P11532,GO:0009986
P11532,GO:0010880
P11532,GO:0010881
P11532,GO:0010976
P11532,GO:0014809
P11532,GO:0014819
P11532,GO:0016010
P11532,GO:0016013
P11532,GO:0017022
P11532,GO:0017166
P11532,GO:0030018
P11532,GO:0030055
P11532,GO:0030175
P11532,GO:0031527
P11532,GO:0032991
P11532,GO:0033137
P11532,GO:0035633
P11532,GO:0035994
P11532,GO:0042383
P11532,GO:0043034
P11532,GO:0043043
P11532,GO:0044306
P11532,GO:0044458
P11532,GO:0045121
P11532,GO:0045202
P11532,GO:0045211
P11532,GO:0045666
P11532,GO:0046716
P11532,GO:0048666
P11532,GO:0050998
P11532,GO:0055001
P11532,GO:0060048
P11532,GO:0060314
P11532,GO:0065003
P11532,GO:0086001
P11532,GO:0090257
P11532,GO:0090287
P11532,GO:0099536
P11532,GO:1901385
P11532,GO:1902083
P11532,GO:2000651
P12035,GO:0005829
P12035,GO:0005882
P12035,GO:0030280
P12035,GO:0030855
P12035,GO:0031424
P12035,GO:0045095
P12035,GO:0045104
P12035,GO:0045109
P12035,GO:0070062
P13236,GO:0005125
P13236,GO:0005576
P13236,GO:0005615
P13236,GO:0006954
P13236,GO:0006955
P13236,GO:0007155
P13236,GO:0007163
P13236,GO:0007165
P13236,GO:0007267
P13236,GO:0008009
P13236,GO:0009615
P13236,GO:0009636
P13236,GO:0030335
P13236,GO:0031726
P13236,GO:0031730
P13236,GO:0042802
P13236,GO:0043922
P13236,GO:0048020
P13236,GO:0048245
P13236,GO:0050850
P13236,GO:0051928
P13236,GO:0061844
P13236,GO:0070098
P13236,GO:2000503
P13647,GO:0005200
P13647,GO:0005634
P13647,GO:0005737
P13647,GO:0005829
P13647,GO:0005882
P13647,GO:0008544
P13647,GO:0009612
P13647,GO:0016020
P13647,GO:0030280
P13647,GO:0030334
P13647,GO:0031424
P13647,GO:0032880
P13647,GO:0045095
P13647,GO:0045107
P13647,GO:0045109
P13647,GO:0070062
P13647,GO:0097110
P15924,GO:0001533
P15924,GO:0002934
P15924,GO:0003223
P15924,GO:0003723
P15924,GO:0005080
P15924,GO:0005198
P15924,GO:0005200
P15924,GO:0005634
P15924,GO:0005737
P15924,GO:0005882
P15924,GO:0005886
P15924,GO:0005912
P15924,GO:0005916
P15924,GO:0008544
P15924,GO:0014704
P15924,GO:0016323
P15924,GO:0018149
P15924,GO:0030057
P15924,GO:0030216
P15924,GO:0034332
P15924,GO:0042060
P15924,GO:0043588
P15924,GO:0045104
P15924,GO:0045109
P15924,GO:0070062
P15924,GO:0086073
P15924,GO:0086083
P15924,GO:0086091
P15924,GO:0090136
P15924,GO:0097110
P15924,GO:0098609
P15924,GO:0098911
P15924,GO:0101003
P15924,GO:0150105
P16104,GO:0000077
P16104,GO:0000724
P16104,GO:0000786
P16104,GO:0000794
P16104,GO:0001673
P16104,GO:0001741
P16104,GO:0003677
P16104,GO:0003684
P16104,GO:0005634
P16104,GO:0005654
P16104,GO:0005657
P16104,GO:0005813
P16104,GO:0006302
P16104,GO:0006334
P16104,GO:0006974
P16104,GO:0007283
P16104,GO:0010212
P16104,GO:0016607
P16104,GO:0019899
P16104,GO:0021987
P16104,GO:0030527
P16104,GO:0031492
P16104,GO:0031507
P16104,GO:0035861
P16104,GO:0042393
P16104,GO:0045739
P16104,GO:0046982
P16104,GO:0051321
P16104,GO:0070062
P16104,GO:0071480
P16104,GO:0090398
P16104,GO:0090734
P16104,GO:0140463
P16104,GO:1990166
P16333,GO:0000122
P16333,GO:0000164
P16333,GO:0004860
P16333,GO:0005102
P16333,GO:0005634
P16333,GO:0005737
P16333,GO:0005783
P16333,GO:0005829
P16333,GO:0005840
P16333,GO:0005886
P16333,GO:0005911
P16333,GO:0006930
P16333,GO:0007015
P16333,GO:0007172
P16333,GO:0008093
P16333,GO:0010976
P16333,GO:0012506
P16333,GO:0016477
P16333,GO:0019904
P16333,GO:0030032
P16333,GO:0030159
P16333,GO:0030334
P16333,GO:0030674
P16333,GO:0030838
P16333,GO:0030971
P16333,GO:0033137
P16333,GO:0034976
P16333,GO:0035591
P16333,GO:0036493
P16333,GO:0042102
P16333,GO:0042110
P16333,GO:0045296
P16333,GO:0045944
P16333,GO:0046627
P16333,GO:0046875
P16333,GO:0048013
P16333,GO:0071074
P16333,GO:0140374
P16333,GO:0140693
P16333,GO:1902237
P16333,GO:1902310
P16333,GO:1903676
P16333,GO:1903679
P16333,GO:1903898
P16333,GO:1903912
P16401,GO:0000122
P16401,GO:0000785
P16401,GO:0000786
P16401,GO:0000791
P16401,GO:0000792
P16401,GO:0003690
P16401,GO:0003723
P16401,GO:0005634
P16401,GO:0005654
P16401,GO:0005694
P16401,GO:0005730
P16401,GO:0006325
P16401,GO:0006334
P16401,GO:0007517
P16401,GO:0030261
P16401,GO:0030527
P16401,GO:0031490
P16401,GO:0031492
P16401,GO:0042826
P16401,GO:0045910
P16401,GO:0050821
P16401,GO:0071169
P16402,GO:0000122
P16402,GO:0000785
P16402,GO:0000786
P16402,GO:0000791
P16402,GO:0003690
P16402,GO:0003723
P16402,GO:0005634
P16402,GO:0006334
P16402,GO:0030261
P16402,GO:0030527
P16402,GO:0031490
P16402,GO:0031492
P16402,GO:0045910
P16403,GO:0000122
P16403,GO:0000786
P16403,GO:0000791
P16403,GO:0003690
P16403,GO:0003723
P16403,GO:0005634
P16403,GO:0006334
P16403,GO:0030261
P16403,GO:0030527
P16403,GO:0031490
P16403,GO:0031492
P16403,GO:0045910
P16619,GO:0005576
P16619,GO:0005615
P16619,GO:0006954
P16619,GO:0008009
P16619,GO:0008285
P16619,GO:0030335
P16619,GO:0048020
P16619,GO:0048245
P16619,GO:0061844
P16619,GO:0070098
P17535,GO:0000122
P17535,GO:0000785
P17535,GO:0000976
P17535,GO:0000978
P17535,GO:0000981
P17535,GO:0001221
P17535,GO:0001228
P17535,GO:0002076
P17535,GO:0005634
P17535,GO:0005654
P17535,GO:0005667
P17535,GO:0006357
P17535,GO:0010467
P17535,GO:0017053
P17535,GO:0019899
P17535,GO:0035976
P17535,GO:0042127
P17535,GO:0045669
P17535,GO:0045944
P17535,GO:0051726
P17535,GO:0071277
P17535,GO:0090575
P17535,GO:1990837
P18583,GO:0000226
P18583,GO:0000281
P18583,GO:0003677
P18583,GO:0003723
P18583,GO:0006397
P18583,GO:0008380
P18583,GO:0016607
P18583,GO:0043066
P18583,GO:0043484
P18583,GO:0048024
P18583,GO:0051726
P19013,GO:0005634
P19013,GO:0005829
P19013,GO:0005882
P19013,GO:0007010
P19013,GO:0009986
P19013,GO:0030280
P19013,GO:0030855
P19013,GO:0031424
P19013,GO:0045095
P19013,GO:0045109
P19013,GO:0045111
P19013,GO:0050680
P19525,GO:0001819
P19525,GO:0003723
P19525,GO:0003725
P19525,GO:0004672
P19525,GO:0004674
P19525,GO:0004694
P19525,GO:0004715
P19525,GO:0005524
P19525,GO:0005634
P19525,GO:0005654
P19525,GO:0005737
P19525,GO:0005829
P19525,GO:0005840
P19525,GO:0006412
P19525,GO:0006468
P19525,GO:0008285
P19525,GO:0009615
P19525,GO:0016020
P19525,GO:0016301
P19525,GO:0017148
P19525,GO:0019888
P19525,GO:0030968
P19525,GO:0032722
P19525,GO:0032874
P19525,GO:0033689
P19525,GO:0034198
P19525,GO:0035455
P19525,GO:0042802
P19525,GO:0043066
P19525,GO:0043410
P19525,GO:0045071
P19525,GO:0046777
P19525,GO:0048471
P19525,GO:0051092
P19525,GO:0051607
P19525,GO:0106310
P19525,GO:0140374
P19525,GO:1900225
P19525,GO:1901224
P19525,GO:1901532
P19525,GO:1902033
P19525,GO:1902036
P20671,GO:0000786
P20671,GO:0005634
P20671,GO:0030527
P20671,GO:0031492
P20671,GO:0031507
P20671,GO:0046982
P20671,GO:0070062
P22415,GO:0000430
P22415,GO:0000432
P22415,GO:0000785
P22415,GO:0000978
P22415,GO:0000981
P22415,GO:0001666
P22415,GO:0005634
P22415,GO:0005654
P22415,GO:0005667
P22415,GO:0005794
P22415,GO:0006357
P22415,GO:0009411
P22415,GO:0019086
P22415,GO:0019899
P22415,GO:0019901
P22415,GO:0032869
P22415,GO:0042593
P22415,GO:0042802
P22415,GO:0042803
P22415,GO:0042826
P22415,GO:0043425
P22415,GO:0043565
P22415,GO:0044877
P22415,GO:0045944
P22415,GO:0045990
P22415,GO:0046982
P22415,GO:0051918
P22415,GO:0055088
P22415,GO:1990837
P22626,GO:0000122
P22626,GO:0000398
P22626,GO:0000781
P22626,GO:0003723
P22626,GO:0003730
P22626,GO:0005634
P22626,GO:0005654
P22626,GO:0005681
P22626,GO:0005737
P22626,GO:0006397
P22626,GO:0006406
P22626,GO:0015030
P22626,GO:0016020
P22626,GO:0016363
P22626,GO:0031053
P22626,GO:0035198
P22626,GO:0042802
P22626,GO:0043047
P22626,GO:0044806
P22626,GO:0048025
P22626,GO:0050658
P22626,GO:0051028
P22626,GO:0070062
P22626,GO:0071013
P22626,GO:0097157
P22626,GO:0098505
P22626,GO:0140693
P22626,GO:1904358
P22626,GO:1905663
P22626,GO:1990247
P22626,GO:1990428
P22626,GO:1990904
P24539,GO:0000276
P24539,GO:0005634
P24539,GO:0005739
P24539,GO:0005743
P24539,GO:0005753
P24539,GO:0005759
P24539,GO:0015078
P24539,GO:0015986
P24539,GO:0016020
P24539,GO:0021762
P24539,GO:0042776
P25391,GO:0002011
P25391,GO:0005102
P25391,GO:0005201
P25391,GO:0005576
P25391,GO:0005604
P25391,GO:0005606
P25391,GO:0005608
P25391,GO:0005615
P25391,GO:0005911
P25391,GO:0007155
P25391,GO:0007166
P25391,GO:0016020
P25391,GO:0030334
P25391,GO:0031012
P25391,GO:0031175
P25391,GO:0043208
P25391,GO:0045198
P25391,GO:0045785
P25391,GO:0045995
P25391,GO:0051149
P25391,GO:0060441
P25391,GO:0060445
P25391,GO:0061304
P25391,GO:0062023
P25391,GO:0098637
P25391,GO:0110011
P25391,GO:2001046
P26232,GO:0005200
P26232,GO:0005634
P26232,GO:0005737
P26232,GO:0005829
P26232,GO:0005912
P26232,GO:0007409
P26232,GO:0008013
P26232,GO:0010975
P26232,GO:0015629
P26232,GO:0016342
P26232,GO:0016477
P26232,GO:0021942
P26232,GO:0030424
P26232,GO:0034316
P26232,GO:0045296
P26232,GO:0048813
P26232,GO:0048854
P26232,GO:0051015
P26232,GO:0051823
P26232,GO:0060134
P26232,GO:0098609
P26232,GO:2001222
P31151,GO:0000302
P31151,GO:0001525
P31151,GO:0005509
P31151,GO:0005576
P31151,GO:0005615
P31151,GO:0005634
P31151,GO:0005737
P31151,GO:0005783
P31151,GO:0005829
P31151,GO:0005925
P31151,GO:0008270
P31151,GO:0008544
P31151,GO:0010820
P31151,GO:0030216
P31151,GO:0032496
P31151,GO:0035578
P31151,GO:0048306
P31151,GO:0050786
P31151,GO:0061844
P31151,GO:0062023
P31151,GO:0070374
P31151,GO:0071624
P31151,GO:0090026
P31151,GO:0140486
P35221,GO:0001541
P35221,GO:0001669
P35221,GO:0003723
P35221,GO:0005198
P35221,GO:0005634
P35221,GO:0005829
P35221,GO:0005886
P35221,GO:0005911
P35221,GO:0005912
P35221,GO:0005915
P35221,GO:0005925
P35221,GO:0007155
P35221,GO:0007163
P35221,GO:0007224
P35221,GO:0007229
P35221,GO:0007405
P35221,GO:0007406
P35221,GO:0008013
P35221,GO:0008104
P35221,GO:0008584
P35221,GO:0014704
P35221,GO:0015629
P35221,GO:0016264
P35221,GO:0016342
P35221,GO:0016477
P35221,GO:0016600
P35221,GO:0017166
P35221,GO:0030027
P35221,GO:0030054
P35221,GO:0031103
P35221,GO:0042475
P35221,GO:0042802
P35221,GO:0043231
P35221,GO:0043297
P35221,GO:0043627
P35221,GO:0045295
P35221,GO:0045296
P35221,GO:0045880
P35221,GO:0051015
P35221,GO:0071681
P35221,GO:0090136
P35221,GO:0097192
P35221,GO:0098609
P35221,GO:1900181
P35221,GO:2000146
P35221,GO:2001045
P35221,GO:2001240
P35221,GO:2001241
P35579,GO:0000146
P35579,GO:0000212
P35579,GO:0001525
P35579,GO:0001701
P35579,GO:0001725
P35579,GO:0001726
P35579,GO:0001768
P35579,GO:0001772
P35579,GO:0001778
P35579,GO:0001931
P35579,GO:0003723
P35579,GO:0003774
P35579,GO:0003779
P35579,GO:0005178
P35579,GO:0005516
P35579,GO:0005524
P35579,GO:0005634
P35579,GO:0005737
P35579,GO:0005819
P35579,GO:0005826
P35579,GO:0005829
P35579,GO:0005886
P35579,GO:0005903
P35579,GO:0005912
P35579,GO:0005925
P35579,GO:0006509
P35579,GO:0006911
P35579,GO:0007229
P35579,GO:0007520
P35579,GO:0008360
P35579,GO:0009898
P35579,GO:0015031
P35579,GO:0015629
P35579,GO:0016020
P35579,GO:0016460
P35579,GO:0016604
P35579,GO:0019904
P35579,GO:0030036
P35579,GO:0030048
P35579,GO:0030220
P35579,GO:0030224
P35579,GO:0031032
P35579,GO:0031252
P35579,GO:0031594
P35579,GO:0032154
P35579,GO:0032418
P35579,GO:0032506
P35579,GO:0032796
P35579,GO:0032982
P35579,GO:0032991
P35579,GO:0035987
P35579,GO:0042641
P35579,GO:0042802
P35579,GO:0042803
P35579,GO:0043495
P35579,GO:0043531
P35579,GO:0043534
P35579,GO:0045055
P35579,GO:0045296
P35579,GO:0050900
P35579,GO:0051015
P35579,GO:0051295
P35579,GO:0060471
P35579,GO:0060473
P35579,GO:0070062
P35579,GO:0070527
P35579,GO:0097513
P35579,GO:1903919
P35579,GO:1903923
P35579,GO:1905684
P35580,GO:0000146
P35580,GO:0000281
P35580,GO:0001725
P35580,GO:0003779
P35580,GO:0005516
P35580,GO:0005524
P35580,GO:0005634
P35580,GO:0005737
P35580,GO:0005829
P35580,GO:0005938
P35580,GO:0007155
P35580,GO:0008360
P35580,GO:0016459
P35580,GO:0016460
P35580,GO:0030027
P35580,GO:0030048
P35580,GO:0030496
P35580,GO:0031032
P35580,GO:0032154
P35580,GO:0032982
P35580,GO:0035613
P35580,GO:0042641
P35580,GO:0043531
P35580,GO:0048027
P35580,GO:0050714
P35580,GO:0051015
P35580,GO:0070062
P35580,GO:0097513
P35580,GO:0098871
P35749,GO:0000146
P35749,GO:0005516
P35749,GO:0005524
P35749,GO:0005737
P35749,GO:0005829
P35749,GO:0005859
P35749,GO:0006939
P35749,GO:0008307
P35749,GO:0016460
P35749,GO:0030241
P35749,GO:0031032
P35749,GO:0032982
P35749,GO:0042470
P35749,GO:0048251
P35749,GO:0051015
P35749,GO:0055013
P35749,GO:0070062
P35908,GO:0001533
P35908,GO:0003334
P35908,GO:0005200
P35908,GO:0005615
P35908,GO:0005634
P35908,GO:0005737
P35908,GO:0005829
P35908,GO:0005882
P35908,GO:0008092
P35908,GO:0008544
P35908,GO:0016020
P35908,GO:0018149
P35908,GO:0030280
P35908,GO:0031424
P35908,GO:0032980
P35908,GO:0043616
P35908,GO:0045095
P35908,GO:0045109
P35908,GO:0045684
P35908,GO:0051546
P35908,GO:0070062
P38159,GO:0000381
P38159,GO:0000398
P38159,GO:0000791
P38159,GO:0000978
P38159,GO:0001649
P38159,GO:0003682
P38159,GO:0003723
P38159,GO:0003729
P38159,GO:0005615
P38159,GO:0005634
P38159,GO:0005654
P38159,GO:0005681
P38159,GO:0006366
P38159,GO:0006509
P38159,GO:0016020
P38159,GO:0019904
P38159,GO:0032991
P38159,GO:0042802
P38159,GO:0044530
P38159,GO:0045944
P38159,GO:0048025
P38159,GO:0048026
P38159,GO:0051260
P38159,GO:0070062
P38159,GO:0071013
P38159,GO:0071347
P38159,GO:1990904
P48061,GO:0001666
P48061,GO:0001764
P48061,GO:0001938
P48061,GO:0005102
P48061,GO:0005178
P48061,GO:0005576
P48061,GO:0006874
P48061,GO:0006935
P48061,GO:0006952
P48061,GO:0006955
P48061,GO:0007155
P48061,GO:0007165
P48061,GO:0007186
P48061,GO:0007411
P48061,GO:0008009
P48061,GO:0008015
P48061,GO:0008064
P48061,GO:0008083
P48061,GO:0008344
P48061,GO:0009615
P48061,GO:0009897
P48061,GO:0022029
P48061,GO:0031100
P48061,GO:0033603
P48061,GO:0033622
P48061,GO:0038146
P48061,GO:0038160
P48061,GO:0042379
P48061,GO:0043434
P48061,GO:0045236
P48061,GO:0045666
P48061,GO:0045785
P48061,GO:0048842
P48061,GO:0050930
P48061,GO:0050965
P48061,GO:0050966
P48061,GO:0060326
P48061,GO:0062023
P48061,GO:0070062
P48061,GO:0070098
P48061,GO:0090026
P48061,GO:0090280
P48061,GO:1902230
P48061,GO:1903237
P48061,GO:1904018
P48061,GO:1990478
P48061,GO:1990869
P48061,GO:2000406
P48061,GO:2000669
P48668,GO:0005829
P48668,GO:0005882
P48668,GO:0030280
P48668,GO:0031424
P48668,GO:0045095
P48668,GO:0045104
P48668,GO:0045109
P48668,GO:0070062
P50552,GO:0001843
P50552,GO:0003779
P50552,GO:0005522
P50552,GO:0005829
P50552,GO:0005886
P50552,GO:0005923
P50552,GO:0005925
P50552,GO:0007411
P50552,GO:0008154
P50552,GO:0015629
P50552,GO:0017124
P50552,GO:0030036
P50552,GO:0030838
P50552,GO:0031258
P50552,GO:0031527
P50552,GO:0045296
P50552,GO:0051289
P50552,GO:0070062
P51991,GO:0000398
P51991,GO:0003723
P51991,GO:0003730
P51991,GO:0005634
P51991,GO:0005654
P51991,GO:0071013
P51991,GO:1990904
P52179,GO:0002074
P52179,GO:0005863
P52179,GO:0008307
P52179,GO:0010628
P52179,GO:0010737
P52179,GO:0019900
P52179,GO:0031430
P52179,GO:0042802
P52179,GO:0042803
P52179,GO:0045214
P52179,GO:0050714
P55210,GO:0003723
P55210,GO:0004190
P55210,GO:0004197
P55210,GO:0005615
P55210,GO:0005634
P55210,GO:0005654
P55210,GO:0005737
P55210,GO:0005829
P55210,GO:0006508
P55210,GO:0006915
P55210,GO:0007507
P55210,GO:0008233
P55210,GO:0008234
P55210,GO:0009411
P55210,GO:0016485
P55210,GO:0030163
P55210,GO:0042742
P55210,GO:0043525
P55210,GO:0044346
P55210,GO:0051146
P55210,GO:0051402
P55210,GO:0051604
P55210,GO:0070227
P55210,GO:0071222
P55210,GO:0072734
P55210,GO:0097153
P55210,GO:0097194
P55210,GO:0097200
P55210,GO:1905686
P55265,GO:0001649
P55265,GO:0002244
P55265,GO:0002566
P55265,GO:0003677
P55265,GO:0003723
P55265,GO:0003725
P55265,GO:0003726
P55265,GO:0005634
P55265,GO:0005654
P55265,GO:0005730
P55265,GO:0005737
P55265,GO:0005829
P55265,GO:0006382
P55265,GO:0006396
P55265,GO:0006397
P55265,GO:0006606
P55265,GO:0006611
P55265,GO:0008251
P55265,GO:0009615
P55265,GO:0016020
P55265,GO:0016553
P55265,GO:0030218
P55265,GO:0031054
P55265,GO:0035455
P55265,GO:0044387
P55265,GO:0044530
P55265,GO:0045070
P55265,GO:0045087
P55265,GO:0046872
P55265,GO:0051607
P55265,GO:0060216
P55265,GO:0060339
P55265,GO:0061484
P55265,GO:0070922
P55265,GO:0097284
P55265,GO:0098586
P55265,GO:1900369
P55265,GO:1903944
P55957,GO:0001836
P55957,GO:0005123
P55957,GO:0005739
P55957,GO:0005741
P55957,GO:0005829
P55957,GO:0006626
P55957,GO:0008625
P55957,GO:0008637
P55957,GO:0010918
P55957,GO:0016020
P55957,GO:0031334
P55957,GO:0031625
P55957,GO:0042129
P55957,GO:0042770
P55957,GO:0042775
P55957,GO:0043028
P55957,GO:0043065
P55957,GO:0050678
P55957,GO:0051402
P55957,GO:0065003
P55957,GO:0090150
P55957,GO:0090200
P55957,GO:0097284
P55957,GO:0097345
P55957,GO:0097435
P55957,GO:1902230
P55957,GO:2000045
P55957,GO:2000271
P55957,GO:2001238
P55957,GO:2001244
P57053,GO:0000786
P57053,GO:0002227
P57053,GO:0003677
P57053,GO:0005615
P57053,GO:0005634
P57053,GO:0005654
P57053,GO:0005829
P57053,GO:0019731
P57053,GO:0021762
P57053,GO:0030527
P57053,GO:0046982
P57053,GO:0050830
P57053,GO:0061844
P57721,GO:0000122
P57721,GO:0003723
P57721,GO:0003729
P57721,GO:0005634
P57721,GO:0005737
P57721,GO:0005829
P57721,GO:0006357
P57721,GO:0016071
P57721,GO:0070062
P57721,GO:1990829
P57721,GO:1990904
P58107,GO:0003723
P58107,GO:0005198
P58107,GO:0005737
P58107,GO:0005856
P58107,GO:0005923
P58107,GO:0010839
P58107,GO:0016020
P58107,GO:0016323
P58107,GO:0016327
P58107,GO:0019215
P58107,GO:0030054
P58107,GO:0030056
P58107,GO:0030336
P58107,GO:0042060
P58107,GO:0042995
P58107,GO:0045095
P58107,GO:0045109
P58107,GO:0045110
P58107,GO:0045111
P58107,GO:0050680
P58107,GO:0051548
P58107,GO:0061045
P58107,GO:0071944
P58107,GO:0097356
P58107,GO:1905041
P58107,GO:1990254
P58753,GO:0002755
P58753,GO:0005080
P58753,GO:0005546
P58753,GO:0005737
P58753,GO:0005829
P58753,GO:0005886
P58753,GO:0006954
P58753,GO:0007166
P58753,GO:0009986
P58753,GO:0030099
P58753,GO:0030139
P58753,GO:0030674
P58753,GO:0030890
P58753,GO:0031234
P58753,GO:0031334
P58753,GO:0032496
P58753,GO:0032587
P58753,GO:0032648
P58753,GO:0032735
P58753,GO:0032738
P58753,GO:0032755
P58753,GO:0032757
P58753,GO:0032760
P58753,GO:0034137
P58753,GO:0034141
P58753,GO:0034142
P58753,GO:0034145
P58753,GO:0035591
P58753,GO:0035662
P58753,GO:0035663
P58753,GO:0035665
P58753,GO:0042802
P58753,GO:0043123
P58753,GO:0045087
P58753,GO:0045088
P58753,GO:0046330
P58753,GO:0050830
P58753,GO:0051092
P58753,GO:0060090
P58753,GO:0070374
P58753,GO:0070935
P58753,GO:0071221
P58753,GO:0071223
P58753,GO:0090023
P58753,GO:2000340
P58753,GO:2000343
P61923,GO:0000139
P61923,GO:0005789
P61923,GO:0005829
P61923,GO:0006886
P61923,GO:0006890
P61923,GO:0006891
P61923,GO:0030126
P61923,GO:0030133
P61956,GO:0003723
P61956,GO:0005634
P61956,GO:0005654
P61956,GO:0016605
P61956,GO:0016925
P61956,GO:0031386
P61956,GO:0031625
P61956,GO:0032436
P61956,GO:0044389
P61978,GO:0000398
P61978,GO:0000785
P61978,GO:0002102
P61978,GO:0003677
P61978,GO:0003723
P61978,GO:0003729
P61978,GO:0005634
P61978,GO:0005654
P61978,GO:0005737
P61978,GO:0005925
P61978,GO:0006357
P61978,GO:0006396
P61978,GO:0007165
P61978,GO:0010494
P61978,GO:0010988
P61978,GO:0016020
P61978,GO:0019904
P61978,GO:0042802
P61978,GO:0042995
P61978,GO:0043066
P61978,GO:0045296
P61978,GO:0045892
P61978,GO:0045944
P61978,GO:0048024
P61978,GO:0048025
P61978,GO:0048260
P61978,GO:0070062
P61978,GO:0071013
P61978,GO:1902165
P61978,GO:1905599
P61978,GO:1990904
P62750,GO:0002181
P62750,GO:0003723
P62750,GO:0003735
P62750,GO:0005634
P62750,GO:0005730
P62750,GO:0005737
P62750,GO:0005829
P62750,GO:0006412
P62750,GO:0019843
P62750,GO:0022625
P62750,GO:0022626
P62750,GO:0045296
P62750,GO:0070062
P62750,GO:1904841
P62807,GO:0000786
P62807,GO:0002227
P62807,GO:0003677
P62807,GO:0005615
P62807,GO:0005634
P62807,GO:0005654
P62807,GO:0005829
P62807,GO:0006334
P62807,GO:0019731
P62807,GO:0030527
P62807,GO:0042802
P62807,GO:0046982
P62807,GO:0050830
P62807,GO:0061844
P62807,GO:0070062
P63165,GO:0001741
P63165,GO:0003723
P63165,GO:0005634
P63165,GO:0005643
P63165,GO:0005654
P63165,GO:0005730
P63165,GO:0005829
P63165,GO:0005886
P63165,GO:0006281
P63165,GO:0008134
P63165,GO:0010621
P63165,GO:0015459
P63165,GO:0016604
P63165,GO:0016605
P63165,GO:0016607
P63165,GO:0016925
P63165,GO:0019899
P63165,GO:0030578
P63165,GO:0031334
P63165,GO:0031386
P63165,GO:0031625
P63165,GO:0031965
P63165,GO:0032436
P63165,GO:0032880
P63165,GO:0034605
P63165,GO:0042308
P63165,GO:0043392
P63165,GO:0043433
P63165,GO:0044388
P63165,GO:0044389
P63165,GO:0045759
P63165,GO:0045892
P63165,GO:0050821
P63165,GO:0060021
P63165,GO:0071276
P63165,GO:0086004
P63165,GO:0090204
P63165,GO:0097165
P63165,GO:1902260
P63165,GO:1903169
P63165,GO:1990381
P63208,GO:0000209
P63208,GO:0005634
P63208,GO:0005654
P63208,GO:0005737
P63208,GO:0005813
P63208,GO:0005829
P63208,GO:0006338
P63208,GO:0006513
P63208,GO:0008013
P63208,GO:0016567
P63208,GO:0019005
P63208,GO:0019904
P63208,GO:0031146
P63208,GO:0031467
P63208,GO:0031519
P63208,GO:0043161
P63208,GO:0051457
P63208,GO:0070936
P63208,GO:0097602
P63208,GO:0140677
P63208,GO:0160072
P63208,GO:1904668
P63208,GO:1990444
P63208,GO:1990756
P67809,GO:0000122
P67809,GO:0000932
P67809,GO:0001701
P67809,GO:0003676
P67809,GO:0003677
P67809,GO:0003682
P67809,GO:0003690
P67809,GO:0003697
P67809,GO:0003723
P67809,GO:0003729
P67809,GO:0005576
P67809,GO:0005634
P67809,GO:0005654
P67809,GO:0005689
P67809,GO:0005737
P67809,GO:0005783
P67809,GO:0005829
P67809,GO:0005886
P67809,GO:0006355
P67809,GO:0006397
P67809,GO:0008380
P67809,GO:0008544
P67809,GO:0010468
P67809,GO:0010494
P67809,GO:0017148
P67809,GO:0035198
P67809,GO:0043231
P67809,GO:0045202
P67809,GO:0045944
P67809,GO:0048255
P67809,GO:0048598
P67809,GO:0050658
P67809,GO:0051020
P67809,GO:0051031
P67809,GO:0051154
P67809,GO:0051781
P67809,GO:0062153
P67809,GO:0070062
P67809,GO:0070934
P67809,GO:0070937
P67809,GO:0071204
P67809,GO:0098761
P67809,GO:1900152
P67809,GO:1903608
P67809,GO:1990428
P67809,GO:1990837
P67809,GO:1990904
P67809,GO:2000767
P67809,GO:2000773
P67936,GO:0001649
P67936,GO:0001725
P67936,GO:0002102
P67936,GO:0005509
P67936,GO:0005829
P67936,GO:0005856
P67936,GO:0005862
P67936,GO:0005884
P67936,GO:0005925
P67936,GO:0006936
P67936,GO:0007015
P67936,GO:0008307
P67936,GO:0016020
P67936,GO:0030220
P67936,GO:0030863
P67936,GO:0042802
P67936,GO:0042803
P67936,GO:0046982
P67936,GO:0051015
P67936,GO:0070062
P68036,GO:0000151
P68036,GO:0000209
P68036,GO:0003713
P68036,GO:0003723
P68036,GO:0004842
P68036,GO:0005524
P68036,GO:0005634
P68036,GO:0005654
P68036,GO:0005737
P68036,GO:0005829
P68036,GO:0006355
P68036,GO:0006511
P68036,GO:0008283
P68036,GO:0016567
P68036,GO:0019899
P68036,GO:0031398
P68036,GO:0031625
P68036,GO:0036211
P68036,GO:0044770
P68036,GO:0051443
P68036,GO:0061631
P68036,GO:0070979
P68036,GO:0071383
P68036,GO:0071385
P68036,GO:0097027
P68036,GO:0098793
P68036,GO:1903955
P68104,GO:0000049
P68104,GO:0003723
P68104,GO:0003746
P68104,GO:0003924
P68104,GO:0005525
P68104,GO:0005576
P68104,GO:0005615
P68104,GO:0005634
P68104,GO:0005730
P68104,GO:0005737
P68104,GO:0005829
P68104,GO:0005840
P68104,GO:0005853
P68104,GO:0005886
P68104,GO:0006412
P68104,GO:0006414
P68104,GO:0016020
P68104,GO:0019900
P68104,GO:0019901
P68104,GO:0022626
P68104,GO:0030864
P68104,GO:0032587
P68104,GO:0034774
P68104,GO:0044829
P68104,GO:0060090
P68104,GO:0070062
P68104,GO:0071364
P68104,GO:0098574
P68104,GO:1900022
P68104,GO:1904714
P68104,GO:1904813
P78386,GO:0005198
P78386,GO:0005615
P78386,GO:0005829
P78386,GO:0008544
P78386,GO:0030280
P78386,GO:0031424
P78386,GO:0045095
P78386,GO:0045109
P78556,GO:0005576
P78556,GO:0005615
P78556,GO:0006935
P78556,GO:0006954
P78556,GO:0006955
P78556,GO:0007165
P78556,GO:0007267
P78556,GO:0008009
P78556,GO:0019722
P78556,GO:0030335
P78556,GO:0031731
P78556,GO:0042742
P78556,GO:0048020
P78556,GO:0060326
P78556,GO:0061844
P78556,GO:0070098
P78556,GO:0072678
P78556,GO:0072679
P78556,GO:2000406
P98179,GO:0003723
P98179,GO:0005634
P98179,GO:0005654
P98179,GO:0005681
P98179,GO:0005737
P98179,GO:0006396
P98179,GO:0006417
P98179,GO:0030425
P98179,GO:0043023
P98179,GO:0045727
P98179,GO:0048026
Q00839,GO:0000122
Q00839,GO:0000228
Q00839,GO:0000381
Q00839,GO:0000398
Q00839,GO:0000776
Q00839,GO:0000922
Q00839,GO:0000978
Q00839,GO:0000993
Q00839,GO:0001097
Q00839,GO:0001649
Q00839,GO:0003677
Q00839,GO:0003682
Q00839,GO:0003690
Q00839,GO:0003697
Q00839,GO:0003714
Q00839,GO:0003723
Q00839,GO:0003725
Q00839,GO:0003727
Q00839,GO:0003730
Q00839,GO:0003779
Q00839,GO:0005524
Q00839,GO:0005634
Q00839,GO:0005654
Q00839,GO:0005697
Q00839,GO:0005813
Q00839,GO:0005829
Q00839,GO:0006325
Q00839,GO:0006396
Q00839,GO:0007346
Q00839,GO:0008143
Q00839,GO:0009048
Q00839,GO:0009986
Q00839,GO:0016020
Q00839,GO:0016363
Q00839,GO:0016607
Q00839,GO:0017069
Q00839,GO:0017130
Q00839,GO:0030496
Q00839,GO:0031490
Q00839,GO:0032211
Q00839,GO:0032839
Q00839,GO:0032922
Q00839,GO:0032991
Q00839,GO:0033673
Q00839,GO:0034046
Q00839,GO:0034244
Q00839,GO:0036002
Q00839,GO:0036464
Q00839,GO:0042802
Q00839,GO:0043021
Q00839,GO:0044877
Q00839,GO:0045944
Q00839,GO:0048255
Q00839,GO:0051301
Q00839,GO:0051457
Q00839,GO:0055013
Q00839,GO:0070034
Q00839,GO:0070934
Q00839,GO:0070937
Q00839,GO:0071013
Q00839,GO:0071385
Q00839,GO:0072686
Q00839,GO:0090336
Q00839,GO:0098577
Q00839,GO:0098963
Q00839,GO:0099122
Q00839,GO:0106222
Q00839,GO:1900152
Q00839,GO:1901673
Q00839,GO:1902275
Q00839,GO:1902425
Q00839,GO:1902889
Q00839,GO:1990023
Q00839,GO:1990280
Q00839,GO:1990498
Q00839,GO:1990830
Q00839,GO:1990837
Q00839,GO:1990841
Q00839,GO:1990845
Q00839,GO:1990904
Q00839,GO:2000373
Q00839,GO:2000648
Q00839,GO:2000737
Q00839,GO:2000767
Q01082,GO:0000281
Q01082,GO:0003723
Q01082,GO:0003779
Q01082,GO:0005200
Q01082,GO:0005516
Q01082,GO:0005543
Q01082,GO:0005730
Q01082,GO:0005737
Q01082,GO:0005829
Q01082,GO:0005886
Q01082,GO:0007009
Q01082,GO:0007417
Q01082,GO:0008091
Q01082,GO:0014069
Q01082,GO:0014731
Q01082,GO:0021556
Q01082,GO:0030036
Q01082,GO:0030054
Q01082,GO:0030506
Q01082,GO:0030673
Q01082,GO:0030864
Q01082,GO:0031430
Q01082,GO:0032437
Q01082,GO:0032743
Q01082,GO:0042995
Q01082,GO:0043001
Q01082,GO:0045296
Q01082,GO:0051015
Q01082,GO:0051020
Q01082,GO:0051693
Q01082,GO:0060390
Q01082,GO:0070062
Q01082,GO:0071709
Q01082,GO:0072659
Q01082,GO:0098978
Q01082,GO:1903076
Q01082,GO:1903078
Q01546,GO:0005634
Q01546,GO:0005829
Q01546,GO:0005882
Q01546,GO:0007010
Q01546,GO:0030280
Q01546,GO:0031424
Q01546,GO:0043473
Q01546,GO:0045095
Q01546,GO:0045109
Q01546,GO:0048733
Q01546,GO:0070062
Q05086,GO:0000209
Q05086,GO:0000502
Q05086,GO:0001541
Q05086,GO:0003713
Q05086,GO:0004842
Q05086,GO:0005634
Q05086,GO:0005829
Q05086,GO:0006508
Q05086,GO:0006511
Q05086,GO:0007420
Q05086,GO:0030521
Q05086,GO:0031398
Q05086,GO:0032570
Q05086,GO:0035037
Q05086,GO:0035641
Q05086,GO:0042220
Q05086,GO:0042542
Q05086,GO:0042752
Q05086,GO:0043161
Q05086,GO:0045944
Q05086,GO:0046872
Q05086,GO:0048167
Q05086,GO:0048511
Q05086,GO:0050847
Q05086,GO:0051865
Q05086,GO:0051897
Q05086,GO:0060736
Q05086,GO:0061002
Q05086,GO:0061630
Q05086,GO:0061743
Q05086,GO:0070936
Q05086,GO:0098978
Q05086,GO:1904262
Q05086,GO:1905528
Q05086,GO:1990416
Q05086,GO:2000058
Q07812,GO:0001541
Q07812,GO:0001764
Q07812,GO:0001777
Q07812,GO:0001782
Q07812,GO:0001783
Q07812,GO:0001822
Q07812,GO:0001836
Q07812,GO:0001974
Q07812,GO:0002262
Q07812,GO:0002352
Q07812,GO:0002358
Q07812,GO:0002904
Q07812,GO:0005634
Q07812,GO:0005635
Q07812,GO:0005737
Q07812,GO:0005739
Q07812,GO:0005741
Q07812,GO:0005757
Q07812,GO:0005783
Q07812,GO:0005789
Q07812,GO:0005829
Q07812,GO:0006687
Q07812,GO:0006808
Q07812,GO:0006915
Q07812,GO:0007281
Q07812,GO:0008053
Q07812,GO:0008289
Q07812,GO:0008625
Q07812,GO:0008630
Q07812,GO:0008637
Q07812,GO:0009566
Q07812,GO:0009636
Q07812,GO:0009651
Q07812,GO:0010248
Q07812,GO:0010332
Q07812,GO:0010524
Q07812,GO:0010917
Q07812,GO:0015267
Q07812,GO:0016020
Q07812,GO:0021854
Q07812,GO:0021987
Q07812,GO:0030544
Q07812,GO:0031334
Q07812,GO:0032091
Q07812,GO:0032469
Q07812,GO:0032471
Q07812,GO:0032976
Q07812,GO:0033137
Q07812,GO:0033599
Q07812,GO:0034620
Q07812,GO:0034644
Q07812,GO:0035234
Q07812,GO:0042475
Q07812,GO:0042802
Q07812,GO:0042803
Q07812,GO:0042981
Q07812,GO:0043065
Q07812,GO:0043524
Q07812,GO:0043525
Q07812,GO:0043653
Q07812,GO:0045136
Q07812,GO:0046666
Q07812,GO:0046930
Q07812,GO:0046982
Q07812,GO:0048087
Q07812,GO:0048147
Q07812,GO:0048515
Q07812,GO:0048597
Q07812,GO:0048678
Q07812,GO:0048873
Q07812,GO:0051204
Q07812,GO:0051209
Q07812,GO:0051281
Q07812,GO:0051400
Q07812,GO:0051434
Q07812,GO:0051726
Q07812,GO:0051881
Q07812,GO:0060011
Q07812,GO:0060041
Q07812,GO:0060057
Q07812,GO:0060058
Q07812,GO:0060068
Q07812,GO:0060402
Q07812,GO:0070059
Q07812,GO:0070062
Q07812,GO:0070242
Q07812,GO:0072332
Q07812,GO:0090200
Q07812,GO:0097049
Q07812,GO:0097136
Q07812,GO:0097144
Q07812,GO:0097145
Q07812,GO:0097190
Q07812,GO:0097191
Q07812,GO:0097192
Q07812,GO:0097193
Q07812,GO:0097194
Q07812,GO:0097435
Q07812,GO:0098586
Q07812,GO:1900103
Q07812,GO:1902110
Q07812,GO:1902262
Q07812,GO:1902263
Q07812,GO:1902445
Q07812,GO:1902512
Q07812,GO:1903896
Q07812,GO:1904019
Q07812,GO:1904037
Q07812,GO:1990117
Q07812,GO:2000243
Q07812,GO:2000673
Q07812,GO:2001234
Q07812,GO:2001244
Q08211,GO:0000380
Q08211,GO:0000978
Q08211,GO:0000993
Q08211,GO:0001069
Q08211,GO:0001649
Q08211,GO:0003677
Q08211,GO:0003678
Q08211,GO:0003688
Q08211,GO:0003690
Q08211,GO:0003697
Q08211,GO:0003712
Q08211,GO:0003713
Q08211,GO:0003723
Q08211,GO:0003724
Q08211,GO:0003725
Q08211,GO:0003727
Q08211,GO:0003729
Q08211,GO:0005524
Q08211,GO:0005634
Q08211,GO:0005654
Q08211,GO:0005726
Q08211,GO:0005730
Q08211,GO:0005737
Q08211,GO:0005813
Q08211,GO:0005829
Q08211,GO:0006260
Q08211,GO:0006353
Q08211,GO:0006357
Q08211,GO:0006954
Q08211,GO:0010501
Q08211,GO:0015629
Q08211,GO:0016020
Q08211,GO:0016442
Q08211,GO:0016604
Q08211,GO:0016887
Q08211,GO:0017111
Q08211,GO:0031490
Q08211,GO:0032508
Q08211,GO:0032727
Q08211,GO:0032728
Q08211,GO:0032741
Q08211,GO:0032755
Q08211,GO:0032760
Q08211,GO:0032991
Q08211,GO:0033679
Q08211,GO:0034458
Q08211,GO:0035195
Q08211,GO:0035197
Q08211,GO:0035613
Q08211,GO:0036464
Q08211,GO:0039695
Q08211,GO:0043022
Q08211,GO:0043138
Q08211,GO:0044806
Q08211,GO:0045087
Q08211,GO:0045089
Q08211,GO:0045142
Q08211,GO:0045739
Q08211,GO:0045740
Q08211,GO:0045944
Q08211,GO:0046833
Q08211,GO:0046872
Q08211,GO:0047429
Q08211,GO:0048146
Q08211,GO:0048511
Q08211,GO:0050434
Q08211,GO:0050684
Q08211,GO:0050691
Q08211,GO:0050729
Q08211,GO:0051028
Q08211,GO:0051092
Q08211,GO:0060760
Q08211,GO:0061629
Q08211,GO:0061676
Q08211,GO:0065003
Q08211,GO:0070063
Q08211,GO:0070269
Q08211,GO:0070578
Q08211,GO:0070922
Q08211,GO:0070934
Q08211,GO:0070937
Q08211,GO:0071356
Q08211,GO:0071360
Q08211,GO:0097165
Q08211,GO:1900152
Q08211,GO:1903608
Q08211,GO:1905172
Q08211,GO:1990518
Q08211,GO:1990825
Q08211,GO:1990841
Q08211,GO:1990904
Q08211,GO:2000373
Q08211,GO:2000765
Q08211,GO:2000767
Q12905,GO:0003677
Q12905,GO:0003723
Q12905,GO:0003725
Q12905,GO:0005576
Q12905,GO:0005634
Q12905,GO:0005654
Q12905,GO:0005730
Q12905,GO:0005829
Q12905,GO:0016020
Q12905,GO:0035580
Q12905,GO:0045893
Q12905,GO:1904724
Q12905,GO:1904813
Q12905,GO:1990904
Q12906,GO:0001618
Q12906,GO:0003677
Q12906,GO:0003723
Q12906,GO:0003725
Q12906,GO:0003727
Q12906,GO:0005576
Q12906,GO:0005634
Q12906,GO:0005654
Q12906,GO:0005730
Q12906,GO:0005737
Q12906,GO:0005739
Q12906,GO:0005829
Q12906,GO:0006468
Q12906,GO:0016020
Q12906,GO:0017148
Q12906,GO:0035925
Q12906,GO:0045071
Q12906,GO:0045892
Q12906,GO:0045893
Q12906,GO:0051607
Q12906,GO:1990904
Q13033,GO:0000122
Q13033,GO:0005516
Q13033,GO:0005634
Q13033,GO:0005654
Q13033,GO:0005737
Q13033,GO:0005794
Q13033,GO:0005886
Q13033,GO:0030425
Q13033,GO:0030674
Q13033,GO:0031267
Q13033,GO:0032355
Q13033,GO:0032991
Q13033,GO:0033147
Q13033,GO:0035331
Q13033,GO:0043025
Q13033,GO:0044877
Q13033,GO:0045892
Q13033,GO:0045944
Q13033,GO:0051721
Q13033,GO:0070016
Q13033,GO:0090443
Q13151,GO:0003723
Q13151,GO:0003729
Q13151,GO:0005634
Q13151,GO:0005654
Q13151,GO:0006397
Q13151,GO:0006954
Q13151,GO:0019901
Q13151,GO:0032496
Q13151,GO:0035925
Q13151,GO:0045202
Q13151,GO:0070935
Q13151,GO:1990904
Q13227,GO:0000122
Q13227,GO:0003712
Q13227,GO:0003713
Q13227,GO:0003714
Q13227,GO:0005095
Q13227,GO:0005634
Q13227,GO:0005654
Q13227,GO:0005667
Q13227,GO:0005739
Q13227,GO:0005829
Q13227,GO:0006357
Q13227,GO:0007254
Q13227,GO:0010804
Q13227,GO:0010875
Q13227,GO:0017053
Q13227,GO:0019216
Q13227,GO:0030183
Q13227,GO:0030332
Q13227,GO:0034122
Q13227,GO:0035360
Q13227,GO:0045598
Q13227,GO:0045599
Q13227,GO:0045944
Q13227,GO:0046329
Q13227,GO:0050728
Q13227,GO:0050859
Q13227,GO:0098780
Q13227,GO:1900045
Q13283,GO:0003677
Q13283,GO:0003678
Q13283,GO:0003723
Q13283,GO:0003724
Q13283,GO:0003729
Q13283,GO:0004519
Q13283,GO:0005524
Q13283,GO:0005634
Q13283,GO:0005737
Q13283,GO:0005829
Q13283,GO:0005925
Q13283,GO:0007265
Q13283,GO:0010494
Q13283,GO:0016887
Q13283,GO:0032481
Q13283,GO:0033677
Q13283,GO:0034063
Q13283,GO:0043024
Q13283,GO:0043204
Q13283,GO:0045087
Q13283,GO:0051607
Q13283,GO:0062029
Q13283,GO:0090090
Q13283,GO:0140693
Q13283,GO:1990904
Q14011,GO:0003723
Q14011,GO:0003730
Q14011,GO:0005634
Q14011,GO:0005654
Q14011,GO:0005681
Q14011,GO:0005737
Q14011,GO:0009409
Q14011,GO:0009411
Q14011,GO:0010494
Q14011,GO:0030371
Q14011,GO:0034063
Q14011,GO:0045727
Q14011,GO:0048026
Q14011,GO:0048255
Q14011,GO:0070181
Q14103,GO:0000785
Q14103,GO:0001889
Q14103,GO:0003680
Q14103,GO:0003682
Q14103,GO:0003723
Q14103,GO:0005634
Q14103,GO:0005654
Q14103,GO:0005829
Q14103,GO:0006355
Q14103,GO:0006396
Q14103,GO:0006401
Q14103,GO:0010468
Q14103,GO:0010629
Q14103,GO:0014069
Q14103,GO:0021549
Q14103,GO:0032204
Q14103,GO:0035925
Q14103,GO:0042162
Q14103,GO:0042752
Q14103,GO:0042789
Q14103,GO:0042826
Q14103,GO:0045727
Q14103,GO:0045893
Q14103,GO:0045944
Q14103,GO:0051592
Q14103,GO:0051602
Q14103,GO:0061158
Q14103,GO:0070934
Q14103,GO:0071230
Q14103,GO:0071392
Q14103,GO:0071732
Q14103,GO:0097167
Q14103,GO:0098978
Q14103,GO:0106002
Q14103,GO:1900152
Q14103,GO:1901355
Q14103,GO:1904355
Q14103,GO:1904383
Q14103,GO:1904586
Q14103,GO:1905663
Q14103,GO:1990828
Q14103,GO:1990904
Q14103,GO:2000767
Q14116,GO:0001525
Q14116,GO:0005125
Q14116,GO:0005576
Q14116,GO:0005615
Q14116,GO:0005829
Q14116,GO:0006954
Q14116,GO:0007267
Q14116,GO:0008283
Q14116,GO:0010744
Q14116,GO:0030101
Q14116,GO:0030155
Q14116,GO:0030431
Q14116,GO:0032722
Q14116,GO:0032725
Q14116,GO:0032729
Q14116,GO:0032736
Q14116,GO:0032740
Q14116,GO:0032819
Q14116,GO:0034105
Q14116,GO:0035655
Q14116,GO:0042088
Q14116,GO:0042092
Q14116,GO:0042104
Q14116,GO:0042119
Q14116,GO:0042267
Q14116,GO:0042531
Q14116,GO:0042632
Q14116,GO:0045515
Q14116,GO:0045630
Q14116,GO:0045662
Q14116,GO:0045944
Q14116,GO:0048661
Q14116,GO:0050729
Q14116,GO:0050830
Q14116,GO:0051092
Q14116,GO:0051142
Q14116,GO:0051897
Q14116,GO:0061436
Q14116,GO:0070328
Q14116,GO:0120162
Q14116,GO:0150078
Q14116,GO:1901224
Q14116,GO:2000556
Q14444,GO:0000932
Q14444,GO:0003723
Q14444,GO:0003729
Q14444,GO:0005524
Q14444,GO:0005737
Q14444,GO:0005829
Q14444,GO:0007416
Q14444,GO:0008298
Q14444,GO:0010494
Q14444,GO:0016020
Q14444,GO:0017148
Q14444,GO:0030027
Q14444,GO:0030425
Q14444,GO:0031252
Q14444,GO:0035591
Q14444,GO:0043232
Q14444,GO:0045202
Q14444,GO:0048699
Q14444,GO:0050775
Q14444,GO:0061003
Q14444,GO:0062029
Q14444,GO:0106288
Q14444,GO:0140677
Q14444,GO:0140693
Q14444,GO:0140694
Q14CN4,GO:0005829
Q14CN4,GO:0030280
Q14CN4,GO:0031424
Q14CN4,GO:0045095
Q14CN4,GO:0045109
Q14CN4,GO:0070062
Q15149,GO:0000902
Q15149,GO:0002162
Q15149,GO:0002522
Q15149,GO:0003334
Q15149,GO:0003723
Q15149,GO:0005200
Q15149,GO:0005737
Q15149,GO:0005741
Q15149,GO:0005829
Q15149,GO:0005886
Q15149,GO:0005903
Q15149,GO:0005925
Q15149,GO:0006997
Q15149,GO:0007005
Q15149,GO:0008104
Q15149,GO:0008307
Q15149,GO:0010467
Q15149,GO:0010761
Q15149,GO:0010818
Q15149,GO:0014866
Q15149,GO:0016528
Q15149,GO:0019226
Q15149,GO:0022904
Q15149,GO:0030018
Q15149,GO:0030056
Q15149,GO:0030424
Q15149,GO:0030425
Q15149,GO:0030506
Q15149,GO:0031581
Q15149,GO:0031668
Q15149,GO:0032094
Q15149,GO:0032287
Q15149,GO:0034332
Q15149,GO:0035264
Q15149,GO:0042060
Q15149,GO:0042383
Q15149,GO:0043034
Q15149,GO:0043114
Q15149,GO:0043209
Q15149,GO:0043933
Q15149,GO:0045104
Q15149,GO:0045109
Q15149,GO:0045111
Q15149,GO:0045214
Q15149,GO:0045296
Q15149,GO:0045445
Q15149,GO:0048471
Q15149,GO:0048741
Q15149,GO:0051015
Q15149,GO:0055013
Q15149,GO:0061436
Q15149,GO:0070062
Q15149,GO:0071260
Q15149,GO:0071464
Q15149,GO:0071498
Q15149,GO:0120193
Q15149,GO:2000689
Q15415,GO:0003723
Q15415,GO:0005654
Q15415,GO:0005681
Q15415,GO:0005730
Q15415,GO:0006397
Q15415,GO:0008380
Q15415,GO:0042802
Q15415,GO:0048026
Q15796,GO:0000785
Q15796,GO:0000978
Q15796,GO:0000981
Q15796,GO:0000987
Q15796,GO:0001228
Q15796,GO:0001657
Q15796,GO:0001701
Q15796,GO:0001706
Q15796,GO:0001707
Q15796,GO:0003140
Q15796,GO:0003180
Q15796,GO:0003184
Q15796,GO:0003203
Q15796,GO:0003682
Q15796,GO:0003690
Q15796,GO:0003700
Q15796,GO:0005160
Q15796,GO:0005634
Q15796,GO:0005654
Q15796,GO:0005667
Q15796,GO:0005737
Q15796,GO:0005829
Q15796,GO:0006351
Q15796,GO:0006355
Q15796,GO:0007179
Q15796,GO:0007352
Q15796,GO:0007369
Q15796,GO:0008283
Q15796,GO:0008285
Q15796,GO:0009653
Q15796,GO:0009791
Q15796,GO:0009952
Q15796,GO:0010628
Q15796,GO:0010718
Q15796,GO:0017015
Q15796,GO:0019902
Q15796,GO:0023019
Q15796,GO:0030073
Q15796,GO:0030154
Q15796,GO:0030324
Q15796,GO:0030325
Q15796,GO:0030513
Q15796,GO:0031016
Q15796,GO:0031053
Q15796,GO:0031625
Q15796,GO:0032444
Q15796,GO:0032924
Q15796,GO:0032991
Q15796,GO:0034713
Q15796,GO:0035265
Q15796,GO:0035556
Q15796,GO:0038092
Q15796,GO:0042802
Q15796,GO:0045165
Q15796,GO:0045892
Q15796,GO:0045893
Q15796,GO:0045944
Q15796,GO:0046332
Q15796,GO:0046872
Q15796,GO:0048156
Q15796,GO:0048340
Q15796,GO:0048617
Q15796,GO:0048701
Q15796,GO:0051098
Q15796,GO:0060039
Q15796,GO:0060395
Q15796,GO:0061629
Q15796,GO:0062009
Q15796,GO:0070410
Q15796,GO:0070411
Q15796,GO:0070412
Q15796,GO:0070723
Q15796,GO:0071141
Q15796,GO:0071142
Q15796,GO:0071144
Q15796,GO:0071333
Q15796,GO:0071895
Q15796,GO:0097718
Q15796,GO:0140297
Q15797,GO:0000165
Q15797,GO:0000785
Q15797,GO:0000978
Q15797,GO:0000981
Q15797,GO:0001228
Q15797,GO:0001503
Q15797,GO:0001657
Q15797,GO:0001710
Q15797,GO:0002051
Q15797,GO:0003161
Q15797,GO:0003700
Q15797,GO:0005634
Q15797,GO:0005637
Q15797,GO:0005654
Q15797,GO:0005737
Q15797,GO:0005829
Q15797,GO:0006351
Q15797,GO:0006357
Q15797,GO:0006366
Q15797,GO:0006954
Q15797,GO:0007165
Q15797,GO:0007179
Q15797,GO:0007276
Q15797,GO:0008285
Q15797,GO:0009653
Q15797,GO:0009880
Q15797,GO:0010628
Q15797,GO:0016020
Q15797,GO:0017151
Q15797,GO:0019901
Q15797,GO:0030154
Q15797,GO:0030509
Q15797,GO:0030901
Q15797,GO:0030902
Q15797,GO:0031053
Q15797,GO:0031625
Q15797,GO:0032991
Q15797,GO:0042592
Q15797,GO:0042802
Q15797,GO:0045669
Q15797,GO:0045944
Q15797,GO:0046872
Q15797,GO:0051148
Q15797,GO:0051216
Q15797,GO:0060038
Q15797,GO:0060348
Q15797,GO:0060395
Q15797,GO:0061036
Q15797,GO:0070410
Q15797,GO:0070411
Q15797,GO:0070878
Q15797,GO:0071141
Q15797,GO:0071142
Q15797,GO:0071144
Q15797,GO:0071407
Q15797,GO:1902895
Q15797,GO:1903672
Q16611,GO:0001782
Q16611,GO:0001783
Q16611,GO:0001836
Q16611,GO:0001974
Q16611,GO:0002262
Q16611,GO:0002352
Q16611,GO:0005739
Q16611,GO:0005741
Q16611,GO:0005783
Q16611,GO:0005829
Q16611,GO:0006915
Q16611,GO:0008053
Q16611,GO:0008285
Q16611,GO:0008630
Q16611,GO:0009410
Q16611,GO:0009620
Q16611,GO:0010046
Q16611,GO:0010225
Q16611,GO:0010248
Q16611,GO:0010332
Q16611,GO:0010524
Q16611,GO:0010629
Q16611,GO:0014070
Q16611,GO:0015288
Q16611,GO:0031018
Q16611,GO:0031072
Q16611,GO:0031100
Q16611,GO:0031334
Q16611,GO:0032469
Q16611,GO:0032471
Q16611,GO:0033137
Q16611,GO:0034620
Q16611,GO:0034644
Q16611,GO:0035108
Q16611,GO:0042542
Q16611,GO:0042802
Q16611,GO:0042803
Q16611,GO:0043065
Q16611,GO:0044325
Q16611,GO:0044346
Q16611,GO:0044877
Q16611,GO:0045471
Q16611,GO:0045862
Q16611,GO:0046872
Q16611,GO:0046902
Q16611,GO:0046930
Q16611,GO:0046982
Q16611,GO:0048597
Q16611,GO:0050673
Q16611,GO:0051087
Q16611,GO:0051400
Q16611,GO:0051649
Q16611,GO:0051726
Q16611,GO:0051881
Q16611,GO:0060068
Q16611,GO:0060402
Q16611,GO:0070059
Q16611,GO:0070242
Q16611,GO:0071260
Q16611,GO:0090200
Q16611,GO:0090201
Q16611,GO:0097136
Q16611,GO:0097145
Q16611,GO:0097190
Q16611,GO:0097192
Q16611,GO:0097193
Q16611,GO:0097202
Q16611,GO:1900103
Q16611,GO:1901029
Q16611,GO:1901030
Q16611,GO:1902262
Q16611,GO:1903896
Q16777,GO:0000786
Q16777,GO:0005634
Q16777,GO:0030527
Q16777,GO:0031492
Q16777,GO:0031507
Q16777,GO:0046982
Q16777,GO:0070062
Q16778,GO:0000786
Q16778,GO:0002227
Q16778,GO:0003677
Q16778,GO:0005615
Q16778,GO:0005634
Q16778,GO:0005654
Q16778,GO:0005829
Q16778,GO:0006334
Q16778,GO:0019731
Q16778,GO:0030527
Q16778,GO:0046982
Q16778,GO:0050830
Q16778,GO:0061844
Q16778,GO:0070062
Q2TBE0,GO:0000398
Q2TBE0,GO:0005654
Q2TBE0,GO:0071014
Q3SY84,GO:0005829
Q3SY84,GO:0030280
Q3SY84,GO:0031069
Q3SY84,GO:0031424
Q3SY84,GO:0045095
Q3SY84,GO:0045109
Q3SY84,GO:0070062
Q5JRA6,GO:0002042
Q5JRA6,GO:0002687
Q5JRA6,GO:0005788
Q5JRA6,GO:0005789
Q5JRA6,GO:0006887
Q5JRA6,GO:0006888
Q5JRA6,GO:0007029
Q5JRA6,GO:0007162
Q5JRA6,GO:0009306
Q5JRA6,GO:0015031
Q5JRA6,GO:0016020
Q5JRA6,GO:0030336
Q5JRA6,GO:0035459
Q5JRA6,GO:0038024
Q5JRA6,GO:0042060
Q5JRA6,GO:0042953
Q5JRA6,GO:0043231
Q5JRA6,GO:0070971
Q5JRA6,GO:0070973
Q5JRA6,GO:0090110
Q5JRA6,GO:0140052
Q5JRA6,GO:1903038
Q5JRA6,GO:2000402
Q5VT25,GO:0000287
Q5VT25,GO:0004674
Q5VT25,GO:0005524
Q5VT25,GO:0005737
Q5VT25,GO:0005829
Q5VT25,GO:0005856
Q5VT25,GO:0005911
Q5VT25,GO:0006468
Q5VT25,GO:0016477
Q5VT25,GO:0030027
Q5VT25,GO:0030036
Q5VT25,GO:0031032
Q5VT25,GO:0031252
Q5VT25,GO:0042641
Q5VT25,GO:0042802
Q5VT25,GO:0070062
Q5VT25,GO:0106310
Q5XKE5,GO:0005829
Q5XKE5,GO:0019899
Q5XKE5,GO:0030280
Q5XKE5,GO:0031424
Q5XKE5,GO:0045095
Q5XKE5,GO:0045109
Q5XKE5,GO:0070062
Q66GS9,GO:0005813
Q66GS9,GO:0005814
Q66GS9,GO:0005829
Q66GS9,GO:0007099
Q66GS9,GO:0008017
Q66GS9,GO:0010457
Q66GS9,GO:0015631
Q66GS9,GO:0042802
Q66GS9,GO:0042803
Q66GS9,GO:1902857
Q66GS9,GO:1904951
Q6FI13,GO:0000786
Q6FI13,GO:0005634
Q6FI13,GO:0030527
Q6FI13,GO:0031492
Q6FI13,GO:0031507
Q6FI13,GO:0046982
Q6FI13,GO:0070062
Q6P0Q8,GO:0000287
Q6P0Q8,GO:0004674
Q6P0Q8,GO:0005524
Q6P0Q8,GO:0005737
Q6P0Q8,GO:0005886
Q6P0Q8,GO:0006468
Q6P0Q8,GO:0007010
Q6P0Q8,GO:0008017
Q6P0Q8,GO:0015630
Q6P0Q8,GO:0019902
Q6P0Q8,GO:0032655
Q6P0Q8,GO:0035556
Q6P0Q8,GO:0048515
Q6P0Q8,GO:0106310
Q6P597,GO:0005737
Q6P597,GO:0005739
Q6P597,GO:0005871
Q6P597,GO:0005874
Q6P597,GO:0007018
Q6P597,GO:0007283
Q6P597,GO:0007286
Q6P597,GO:0008017
Q6P597,GO:0008088
Q6P597,GO:0019894
Q6P597,GO:0031514
Q6P597,GO:0035253
Q6P597,GO:0043005
Q6P597,GO:0120317
Q71UI9,GO:0000786
Q71UI9,GO:0005634
Q71UI9,GO:0006325
Q71UI9,GO:0030527
Q71UI9,GO:0031492
Q71UI9,GO:0031507
Q71UI9,GO:0046982
Q71UI9,GO:0060090
Q71UI9,GO:0070062
Q7L7L0,GO:0000786
Q7L7L0,GO:0003677
Q7L7L0,GO:0005634
Q7L7L0,GO:0006337
Q7L7L0,GO:0030527
Q7L7L0,GO:0031492
Q7L7L0,GO:0031507
Q7L7L0,GO:0046982
Q7L7L0,GO:0070062
Q7L7L0,GO:0070914
Q7L804,GO:0001891
Q7L804,GO:0005654
Q7L804,GO:0005768
Q7L804,GO:0006909
Q7L804,GO:0019901
Q7L804,GO:0030010
Q7L804,GO:0030659
Q7L804,GO:0031267
Q7L804,GO:0035669
Q7L804,GO:0035773
Q7L804,GO:0042802
Q7L804,GO:0042803
Q7L804,GO:0042995
Q7L804,GO:0043231
Q7L804,GO:0043547
Q7L804,GO:0045055
Q7L804,GO:0055038
Q7L804,GO:1903078
Q7RTS7,GO:0005737
Q7RTS7,GO:0005829
Q7RTS7,GO:0030280
Q7RTS7,GO:0031424
Q7RTS7,GO:0045095
Q7RTS7,GO:0045104
Q7RTS7,GO:0045109
Q7RTS7,GO:0070062
Q7RTS7,GO:1990254
Q7Z406,GO:0000146
Q7Z406,GO:0001725
Q7Z406,GO:0003009
Q7Z406,GO:0005516
Q7Z406,GO:0005524
Q7Z406,GO:0005737
Q7Z406,GO:0005829
Q7Z406,GO:0005903
Q7Z406,GO:0007005
Q7Z406,GO:0007519
Q7Z406,GO:0007605
Q7Z406,GO:0008360
Q7Z406,GO:0016020
Q7Z406,GO:0016460
Q7Z406,GO:0019228
Q7Z406,GO:0030048
Q7Z406,GO:0030426
Q7Z406,GO:0031032
Q7Z406,GO:0032982
Q7Z406,GO:0042641
Q7Z406,GO:0051015
Q7Z406,GO:0070062
Q7Z406,GO:0071625
Q7Z406,GO:0097513
Q7Z794,GO:0001533
Q7Z794,GO:0005829
Q7Z794,GO:0005856
Q7Z794,GO:0030280
Q7Z794,GO:0031424
Q7Z794,GO:0045095
Q7Z794,GO:0045109
Q7Z794,GO:0070062
Q7Z7A1,GO:0001822
Q7Z7A1,GO:0003281
Q7Z7A1,GO:0005813
Q7Z7A1,GO:0005815
Q7Z7A1,GO:0005829
Q7Z7A1,GO:0016020
Q7Z7A1,GO:0034451
Q7Z7A1,GO:0035904
Q7Z7A1,GO:0048471
Q7Z7A1,GO:0051301
Q7Z7A1,GO:0060976
Q7Z7A1,GO:0090543
Q7Z7A1,GO:0090619
Q7Z7A1,GO:0097431
Q7Z7A1,GO:0120103
Q86SE5,GO:0003723
Q86SE5,GO:0005634
Q86SE5,GO:0005654
Q86SE5,GO:0042802
Q86XE0,GO:0005768
Q86XE0,GO:0005829
Q86XE0,GO:0015031
Q86XE0,GO:0016241
Q86XE0,GO:0035091
Q86XE0,GO:0042147
Q86Y46,GO:0005634
Q86Y46,GO:0005829
Q86Y46,GO:0030280
Q86Y46,GO:0031424
Q86Y46,GO:0045095
Q86Y46,GO:0045109
Q86Y46,GO:0070062
Q8IUC6,GO:0002224
Q8IUC6,GO:0002281
Q8IUC6,GO:0002735
Q8IUC6,GO:0005739
Q8IUC6,GO:0005768
Q8IUC6,GO:0005769
Q8IUC6,GO:0005776
Q8IUC6,GO:0005829
Q8IUC6,GO:0006809
Q8IUC6,GO:0006954
Q8IUC6,GO:0010008
Q8IUC6,GO:0010508
Q8IUC6,GO:0010628
Q8IUC6,GO:0019901
Q8IUC6,GO:0030890
Q8IUC6,GO:0031398
Q8IUC6,GO:0031663
Q8IUC6,GO:0032481
Q8IUC6,GO:0032722
Q8IUC6,GO:0032728
Q8IUC6,GO:0032755
Q8IUC6,GO:0032760
Q8IUC6,GO:0032816
Q8IUC6,GO:0034138
Q8IUC6,GO:0034142
Q8IUC6,GO:0035591
Q8IUC6,GO:0035666
Q8IUC6,GO:0042100
Q8IUC6,GO:0043123
Q8IUC6,GO:0043254
Q8IUC6,GO:0043330
Q8IUC6,GO:0045087
Q8IUC6,GO:0045429
Q8IUC6,GO:0051607
Q8IUC6,GO:0060090
Q8IUC6,GO:0060907
Q8IUC6,GO:0071222
Q8IUC6,GO:0097190
Q8IUC6,GO:0097342
Q8IUC6,GO:0140052
Q8IUC6,GO:1900017
Q8IUE6,GO:0000786
Q8IUE6,GO:0005634
Q8IUE6,GO:0030527
Q8IUE6,GO:0031492
Q8IUE6,GO:0031507
Q8IUE6,GO:0046982
Q8IUE6,GO:0070062
Q8IWX8,GO:0003723
Q8IWX8,GO:0005654
Q8IWX8,GO:0005737
Q8IWX8,GO:0006396
Q8IWX8,GO:0006874
Q8IWX8,GO:0007399
Q8IWX8,GO:0008285
Q8IWX8,GO:0016020
Q8IWX8,GO:0033017
Q8IWX8,GO:0044325
Q8IWX8,GO:0048471
Q8IWX8,GO:0051209
Q8IWX8,GO:0070886
Q8IY57,GO:0003677
Q8IY57,GO:0003712
Q8IY57,GO:0003713
Q8IY57,GO:0003714
Q8IY57,GO:0005634
Q8IY57,GO:0005654
Q8IY57,GO:0005829
Q8IY57,GO:0006355
Q8IY57,GO:0045892
Q8IY57,GO:0045893
Q8IY57,GO:0046872
Q8N1N4,GO:0005615
Q8N1N4,GO:0005829
Q8N1N4,GO:0030280
Q8N1N4,GO:0031424
Q8N1N4,GO:0045095
Q8N1N4,GO:0045109
Q8N1N4,GO:0070062
Q8NFZ5,GO:0005654
Q8NFZ5,GO:0005829
Q8NFZ5,GO:0006357
Q8NFZ5,GO:0006915
Q8NFZ5,GO:0006954
Q8NFZ5,GO:0019901
Q8NFZ5,GO:0023035
Q8NFZ5,GO:0031593
Q8NFZ5,GO:0034134
Q8NFZ5,GO:0034138
Q8NFZ5,GO:0034162
Q8NFZ5,GO:0043032
Q8NFZ5,GO:0043123
Q8NFZ5,GO:0045944
Q8NFZ5,GO:0046872
Q8NFZ5,GO:0050821
Q8NFZ5,GO:0050871
Q8NFZ5,GO:0070498
Q8NFZ5,GO:0070530
Q8NFZ5,GO:0071222
Q8NFZ5,GO:2000352
Q8NHW4,GO:0005615
Q8NHW4,GO:0006954
Q8NHW4,GO:0008009
Q8NHW4,GO:0030335
Q8NHW4,GO:0048020
Q8NHW4,GO:0048245
Q8NHW4,GO:0061844
Q8NHW4,GO:0070098
Q8TDL5,GO:0002227
Q8TDL5,GO:0005576
Q8TDL5,GO:0008289
Q8TDL5,GO:0034144
Q8TDL5,GO:0070062
Q8WV44,GO:0005730
Q8WV44,GO:0005737
Q8WV44,GO:0006513
Q8WV44,GO:0008270
Q8WV44,GO:0016567
Q8WV44,GO:0016604
Q8WV44,GO:0042802
Q8WV44,GO:0051607
Q8WV44,GO:0060340
Q8WV44,GO:0061630
Q8WV44,GO:0071222
Q8WV44,GO:0071225
Q8WZ42,GO:0000794
Q8WZ42,GO:0002020
Q8WZ42,GO:0003300
Q8WZ42,GO:0004674
Q8WZ42,GO:0004713
Q8WZ42,GO:0005509
Q8WZ42,GO:0005516
Q8WZ42,GO:0005524
Q8WZ42,GO:0005576
Q8WZ42,GO:0005829
Q8WZ42,GO:0005865
Q8WZ42,GO:0006936
Q8WZ42,GO:0006941
Q8WZ42,GO:0007076
Q8WZ42,GO:0008307
Q8WZ42,GO:0010628
Q8WZ42,GO:0010737
Q8WZ42,GO:0019887
Q8WZ42,GO:0019899
Q8WZ42,GO:0019901
Q8WZ42,GO:0030018
Q8WZ42,GO:0030240
Q8WZ42,GO:0030241
Q8WZ42,GO:0031430
Q8WZ42,GO:0031433
Q8WZ42,GO:0031674
Q8WZ42,GO:0035995
Q8WZ42,GO:0042802
Q8WZ42,GO:0042803
Q8WZ42,GO:0042805
Q8WZ42,GO:0045214
Q8WZ42,GO:0048769
Q8WZ42,GO:0050714
Q8WZ42,GO:0051015
Q8WZ42,GO:0051371
Q8WZ42,GO:0051592
Q8WZ42,GO:0055003
Q8WZ42,GO:0055008
Q8WZ42,GO:0055013
Q8WZ42,GO:0060048
Q8WZ42,GO:0070062
Q8WZ42,GO:0097493
Q8WZ42,GO:0106310
Q92560,GO:0000278
Q92560,GO:0001558
Q92560,GO:0001701
Q92560,GO:0001894
Q92560,GO:0002574
Q92560,GO:0003682
Q92560,GO:0004843
Q92560,GO:0005634
Q92560,GO:0005654
Q92560,GO:0005737
Q92560,GO:0005829
Q92560,GO:0006511
Q92560,GO:0008233
Q92560,GO:0008285
Q92560,GO:0010035
Q92560,GO:0010467
Q92560,GO:0016579
Q92560,GO:0030223
Q92560,GO:0031490
Q92560,GO:0033028
Q92560,GO:0035517
Q92560,GO:0035520
Q92560,GO:0035726
Q92560,GO:0036211
Q92560,GO:0036344
Q92560,GO:0043249
Q92560,GO:0043363
Q92560,GO:0045892
Q92560,GO:0050727
Q92560,GO:0051726
Q92560,GO:0061484
Q92560,GO:0061519
Q92560,GO:0070050
Q92560,GO:0070661
Q92560,GO:0071108
Q92560,GO:0140950
Q92560,GO:1900015
Q92560,GO:1903955
Q9BTC0,GO:0003723
Q9BTC0,GO:0005634
Q9BTC0,GO:0005737
Q9BTC0,GO:0005819
Q9BTC0,GO:0006351
Q9BTC0,GO:0046872
Q9BTC0,GO:0097190
Q9H2G2,GO:0004674
Q9H2G2,GO:0005524
Q9H2G2,GO:0005737
Q9H2G2,GO:0005829
Q9H2G2,GO:0006915
Q9H2G2,GO:0030334
Q9H2G2,GO:0031122
Q9H2G2,GO:0031252
Q9H2G2,GO:0042802
Q9H2G2,GO:0042803
Q9H2G2,GO:0042981
Q9H2G2,GO:0045296
Q9H2G2,GO:0046777
Q9H2G2,GO:0048471
Q9H2G2,GO:0051893
Q9H2G2,GO:0070062
Q9H2G2,GO:0106310
Q9H4B4,GO:0000082
Q9H4B4,GO:0000086
Q9H4B4,GO:0000122
Q9H4B4,GO:0000302
Q9H4B4,GO:0000776
Q9H4B4,GO:0000922
Q9H4B4,GO:0002039
Q9H4B4,GO:0004674
Q9H4B4,GO:0005524
Q9H4B4,GO:0005634
Q9H4B4,GO:0005654
Q9H4B4,GO:0005730
Q9H4B4,GO:0005737
Q9H4B4,GO:0005795
Q9H4B4,GO:0005813
Q9H4B4,GO:0006468
Q9H4B4,GO:0006915
Q9H4B4,GO:0006970
Q9H4B4,GO:0006974
Q9H4B4,GO:0006977
Q9H4B4,GO:0007052
Q9H4B4,GO:0007113
Q9H4B4,GO:0009314
Q9H4B4,GO:0030425
Q9H4B4,GO:0031122
Q9H4B4,GO:0032465
Q9H4B4,GO:0043025
Q9H4B4,GO:0043066
Q9H4B4,GO:0044819
Q9H4B4,GO:0051302
Q9H4B4,GO:0051898
Q9H4B4,GO:0090166
Q9H4B4,GO:0090316
Q9H4B4,GO:0106310
Q9H4B4,GO:1901796
Q9H4B4,GO:1904716
Q9H4B4,GO:2000777
Q9NQ94,GO:0003723
Q9NQ94,GO:0003727
Q9NQ94,GO:0003729
Q9NQ94,GO:0005634
Q9NQ94,GO:0005654
Q9NQ94,GO:0005737
Q9NQ94,GO:0005783
Q9NQ94,GO:0006397
Q9NQ94,GO:0007566
Q9NQ94,GO:0010609
Q9NQ94,GO:0016554
Q9NQ94,GO:0016556
Q9NQ94,GO:0030895
Q9NQ94,GO:0045293
Q9NQ94,GO:0050821
Q9NQ94,GO:0140767
Q9NQ94,GO:1901537
Q9NQ94,GO:2000623
Q9NSB2,GO:0001942
Q9NSB2,GO:0005200
Q9NSB2,GO:0005829
Q9NSB2,GO:0030280
Q9NSB2,GO:0031424
Q9NSB2,GO:0035878
Q9NSB2,GO:0045095
Q9NSB2,GO:0045109
Q9NSB2,GO:0045616
Q9NSB2,GO:0070062
Q9NSB4,GO:0005829
Q9NSB4,GO:0030280
Q9NSB4,GO:0031424
Q9NSB4,GO:0045095
Q9NSB4,GO:0045109
Q9NUL3,GO:0003723
Q9NUL3,GO:0003725
Q9NUL3,GO:0003729
Q9NUL3,GO:0005730
Q9NUL3,GO:0005783
Q9NUL3,GO:0005874
Q9NUL3,GO:0005886
Q9NUL3,GO:0007281
Q9NUL3,GO:0008298
Q9NUL3,GO:0010494
Q9NUL3,GO:0016020
Q9NUL3,GO:0019894
Q9NUL3,GO:0030424
Q9NUL3,GO:0030544
Q9NUL3,GO:0031965
Q9NUL3,GO:0032839
Q9NUL3,GO:0032956
Q9NUL3,GO:0034599
Q9NUL3,GO:0035418
Q9NUL3,GO:0043005
Q9NUL3,GO:0043022
Q9NUL3,GO:0043025
Q9NUL3,GO:0043198
Q9NUL3,GO:0048592
Q9NUL3,GO:0051019
Q9NUL3,GO:0051489
Q9NUL3,GO:0051965
Q9NUL3,GO:0061003
Q9NUL3,GO:0098964
Q9NUL3,GO:1900454
Q9NUL3,GO:1990124
Q9NYY3,GO:0000082
Q9NYY3,GO:0000776
Q9NYY3,GO:0000785
Q9NYY3,GO:0000922
Q9NYY3,GO:0002862
Q9NYY3,GO:0004674
Q9NYY3,GO:0005524
Q9NYY3,GO:0005634
Q9NYY3,GO:0005737
Q9NYY3,GO:0005813
Q9NYY3,GO:0005814
Q9NYY3,GO:0005829
Q9NYY3,GO:0006468
Q9NYY3,GO:0006977
Q9NYY3,GO:0007052
Q9NYY3,GO:0007265
Q9NYY3,GO:0007613
Q9NYY3,GO:0010508
Q9NYY3,GO:0016525
Q9NYY3,GO:0018105
Q9NYY3,GO:0030425
Q9NYY3,GO:0032486
Q9NYY3,GO:0043008
Q9NYY3,GO:0043066
Q9NYY3,GO:0043123
Q9NYY3,GO:0045732
Q9NYY3,GO:0046599
Q9NYY3,GO:0048167
Q9NYY3,GO:0060291
Q9NYY3,GO:0060292
Q9NYY3,GO:0071866
Q9NYY3,GO:0090050
Q9NYY3,GO:0106310
Q9NYY3,GO:2000773
Q9UI47,GO:0005737
Q9UI47,GO:0005856
Q9UI47,GO:0005912
Q9UI47,GO:0005916
Q9UI47,GO:0008013
Q9UI47,GO:0016477
Q9UI47,GO:0030027
Q9UI47,GO:0030057
Q9UI47,GO:0045296
Q9UI47,GO:0051015
Q9UI47,GO:0086073
Q9UI47,GO:0086091
Q9UI47,GO:0098609
Q9UI47,GO:0098911
Q9UKK9,GO:0000287
Q9UKK9,GO:0005634
Q9UKK9,GO:0005829
Q9UKK9,GO:0006338
Q9UKK9,GO:0006753
Q9UKK9,GO:0009117
Q9UKK9,GO:0009191
Q9UKK9,GO:0016779
Q9UKK9,GO:0019144
Q9UKK9,GO:0019303
Q9UKK9,GO:0019693
Q9UKK9,GO:0030515
Q9UKK9,GO:0042802
Q9UKK9,GO:0042803
Q9UKK9,GO:0044715
Q9UKK9,GO:0044716
Q9UKK9,GO:0047631
Q9UKK9,GO:0055086
Q9UKK9,GO:0070062
Q9UKK9,GO:1990966
Q9UKM9,GO:0000122
Q9UKM9,GO:0000398
Q9UKM9,GO:0003712
Q9UKM9,GO:0003723
Q9UKM9,GO:0005634
Q9UKM9,GO:0042632
Q9UKM9,GO:0071013
Q9UN86,GO:0003723
Q9UN86,GO:0003729
Q9UN86,GO:0005737
Q9UN86,GO:0005829
Q9UN86,GO:0007253
Q9UN86,GO:0007265
Q9UN86,GO:0010494
Q9UN86,GO:0030159
Q9UN86,GO:0034063
Q9UN86,GO:0045087
Q9UN86,GO:0051028
Q9UN86,GO:0051260
Q9UN86,GO:0062029
Q9UN86,GO:0140693
Q9UN86,GO:1990904
Q9UQF2,GO:0004860
Q9UQF2,GO:0005078
Q9UQF2,GO:0005634
Q9UQF2,GO:0005737
Q9UQF2,GO:0005789
Q9UQF2,GO:0005829
Q9UQF2,GO:0005886
Q9UQF2,GO:0006355
Q9UQF2,GO:0007254
Q9UQF2,GO:0008432
Q9UQF2,GO:0016192
Q9UQF2,GO:0019894
Q9UQF2,GO:0030425
Q9UQF2,GO:0031966
Q9UQF2,GO:0043025
Q9UQF2,GO:0043508
Q9UQF2,GO:0044302
Q9UQF2,GO:0045202
Q9UQF2,GO:0046328
Q9UQF2,GO:0046330
Q9UQF2,GO:0048471
Q9UQF2,GO:2000564
Q9UQF2,GO:2001243
Q9Y2H9,GO:0000287
Q9Y2H9,GO:0004674
Q9Y2H9,GO:0005524
Q9Y2H9,GO:0005737
Q9Y2H9,GO:0005856
Q9Y2H9,GO:0005886
Q9Y2H9,GO:0006468
Q9Y2H9,GO:0007010
Q9Y2H9,GO:0007420
Q9Y2H9,GO:0008017
Q9Y2H9,GO:0030424
Q9Y2H9,GO:0030425
Q9Y2H9,GO:0035556
Q9Y2H9,GO:0043005
Q9Y2H9,GO:0043025
Q9Y2H9,GO:0106310
Q9Y5S2,GO:0000287
Q9Y5S2,GO:0004672
Q9Y5S2,GO:0004674
Q9Y5S2,GO:0005524
Q9Y5S2,GO:0005737
Q9Y5S2,GO:0005829
Q9Y5S2,GO:0005856
Q9Y5S2,GO:0005886
Q9Y5S2,GO:0005911
Q9Y5S2,GO:0006468
Q9Y5S2,GO:0007010
Q9Y5S2,GO:0007163
Q9Y5S2,GO:0007165
Q9Y5S2,GO:0016477
Q9Y5S2,GO:0030027
Q9Y5S2,GO:0030036
Q9Y5S2,GO:0031032
Q9Y5S2,GO:0031252
Q9Y5S2,GO:0031267
Q9Y5S2,GO:0042641
Q9Y5S2,GO:0044877
Q9Y5S2,GO:0070062
Q9Y5S2,GO:0106310
A6NEQ0,GO:0003723
A6NEQ0,GO:0005654
A6NEQ0,GO:0005681
A6NEQ0,GO:0005730
A6NEQ0,GO:0006397
A6NEQ0,GO:0008380
A6NEQ0,GO:0048026
B2RXH8,GO:0003723
B2RXH8,GO:0005634
B2RXH8,GO:0042802
B2RXH8,GO:1990904
O00515,GO:0005198
O00515,GO:0005604
O00515,GO:0015629
O00515,GO:0045296
O00515,GO:0070062
P0C7P1,GO:0003723
P0C7P1,GO:0005654
P0C7P1,GO:0005681
P0C7P1,GO:0005730
P0C7P1,GO:0006397
P0C7P1,GO:0008380
P0C7P1,GO:0048026
Q5VTE0,GO:0003746
Q5VTE0,GO:0003924
Q5VTE0,GO:0005525
Q5VTE0,GO:0005615
Q5VTE0,GO:0005634
Q5VTE0,GO:0005737
Q5VTE0,GO:0006412
Q5VTE0,GO:0006414
Q5VTE0,GO:0070062
Q6UX07,GO:0005576
Q6UX07,GO:0016020
Q6UX07,GO:0016491
Q6UXM1,GO:0005615
Q6UXM1,GO:0005886
Q6UXM1,GO:0030659
Q6UXM1,GO:0031012
Q6UXM1,GO:0032474
Q86SG5,GO:0005509
Q86SG5,GO:0005615
Q86SG5,GO:0005737
Q86SG5,GO:0005829
Q86SG5,GO:0046914
Q86SG5,GO:0048306
Q8IUR0,GO:0005737
Q8IUR0,GO:0005783
Q8IUR0,GO:0005829
Q8IUR0,GO:0006888
Q8IUR0,GO:0006901
Q8IUR0,GO:0030008
Q8IUR0,GO:0048208
Q8IUR0,GO:0099022
Q8IUR0,GO:1990070
Q8IUR0,GO:1990071
Q8IUR0,GO:1990072
A6NCN2,GO:0005615
A6NCN2,GO:0045095
O15037,GO:0003729
O15037,GO:0004521
O15037,GO:0005634
O15037,GO:0036464
P48741,GO:0005524
P48741,GO:0005634
P48741,GO:0005737
P48741,GO:0016887
P48741,GO:0031072
P48741,GO:0042026
P48741,GO:0044183
P48741,GO:0051085
P48741,GO:0070062
P48741,GO:0072562
P48741,GO:0140662
Q53SF7,GO:0003785
Q53SF7,GO:0045296
Q53SF7,GO:0070062
Q5SY68,GO:0005509
Q5SY68,GO:0005615
Q5SY68,GO:0005737
Q5SY68,GO:0048306
Q8IXT5,GO:0003723
Q8IXT5,GO:0005654
Q8IXT5,GO:0043484
Q8IXT5,GO:1990904
B7ZW38,GO:0003723
B7ZW38,GO:0005634
Q9H489,GO:0000785
Q9H489,GO:0003682
Q9H489,GO:0005634
Q9H489,GO:0006334
Q9H489,GO:0042393
